"date","day","aircraft","helicopter","tank","APC","field.artillery","MRL","military.auto","fuel.tank","drone","naval.ship","anti.aircraft.warfare","special.equipment","mobile.SRBM.system","greatest.losses.direction","vehicles.and.fuel.tanks","cruise.missiles","submarines"
"2024-12-15",1026,373,331,9551,19698,21128,1255,NA,NA,20460,28,1025,3648,NA,"",31398,2943,1
"2024-12-14",1025,373,331,9539,19666,21102,1252,NA,NA,20333,28,1023,3644,NA,"",31217,2861,1
"2024-12-13",1024,373,331,9537,19666,21078,1252,NA,NA,20280,28,1023,3642,NA,"",31177,2861,1
"2024-12-12",1023,373,331,9532,19635,21072,1252,NA,NA,20215,28,1023,3642,NA,"",31127,2861,1
"2024-12-11",1022,373,331,9526,19607,21067,1252,NA,NA,20215,28,1023,3641,NA,"",31073,2859,1
"2024-12-10",1021,373,331,9524,19587,21064,1252,NA,NA,20211,28,1023,3637,NA,"",31037,2859,1
"2024-12-09",1020,373,331,9519,19580,21061,1252,NA,NA,20197,28,1023,3636,NA,"",30989,2859,1
"2024-12-08",1019,373,331,9519,19562,21058,1252,NA,NA,20175,28,1023,3635,NA,"",30965,2857,1
"2024-12-07",1018,373,331,9514,19526,21055,1252,NA,NA,20146,28,1022,3633,NA,"",30948,2857,1
"2024-12-06",1017,373,331,9514,19509,21043,1252,NA,NA,20127,28,1020,3633,NA,"",30899,2857,1
"2024-12-05",1016,373,331,9506,19463,21023,1252,NA,NA,20081,28,1020,3630,NA,"",30843,2855,1
"2024-12-04",1015,373,331,9493,19441,21002,1252,NA,NA,20050,28,1020,3628,NA,"",30746,2855,1
"2024-12-03",1014,373,331,9486,19410,20976,1252,NA,NA,20021,28,1019,3627,NA,"",30666,2855,1
"2024-12-02",1013,373,331,9478,19388,20953,1252,NA,NA,19990,28,1019,3619,NA,"",30606,2852,1
"2024-12-01",1012,373,331,9469,19360,20923,1252,NA,NA,19907,28,1019,3619,NA,"",30507,2852,1
"2024-11-30",1011,373,331,9463,19346,20909,1252,NA,NA,19896,28,1019,3617,NA,"",30431,2851,1
"2024-11-29",1010,373,331,9458,19326,20886,1258,NA,NA,19854,28,1006,3700,NA,"",30272,2851,1
"2024-11-28",1009,373,331,9450,19293,20852,1258,NA,NA,19765,28,1005,3697,NA,"",30186,2765,1
"2024-11-27",1008,373,331,9449,19291,20830,1258,NA,NA,19720,28,1005,3687,NA,"",30126,2765,1
"2024-11-26",1007,373,331,9435,19243,20806,1257,NA,NA,19656,28,1004,3683,NA,"",30042,2765,1
"2024-11-25",1006,373,331,9429,19223,20787,1257,NA,NA,19584,28,1004,3681,NA,"",29948,2764,1
"2024-11-24",1005,373,331,9423,19196,20765,1257,NA,NA,19470,28,1004,3679,NA,"",29864,2764,1
"2024-11-23",1004,373,331,9419,19179,20760,1257,NA,NA,19469,28,1004,3678,NA,"",29850,2764,1
"2024-11-22",1003,373,331,9399,19143,20736,1257,NA,NA,19364,28,1004,3675,NA,"",29777,2764,1
"2024-11-21",1002,373,331,9398,19130,20731,1256,NA,NA,19363,28,1003,3674,NA,"",29745,2756,1
"2024-11-20",1001,373,331,9390,19106,20681,1255,NA,NA,19306,28,1001,3674,NA,"",29648,2756,1
"2024-11-19",1000,373,331,9382,19079,20632,1255,NA,NA,19215,28,999,3672,NA,"",29548,2754,1
"2024-11-18",999,373,331,9365,19046,20586,1255,NA,NA,19177,28,999,3655,NA,"",29428,2753,1
"2024-11-17",998,373,331,9350,19008,20556,1255,NA,NA,19078,28,999,3653,NA,"",29321,2641,1
"2024-11-16",997,373,331,9338,18981,20520,1255,NA,NA,19018,28,999,3651,NA,"",29236,2641,1
"2024-11-15",996,373,331,9330,18955,20492,1255,NA,NA,18990,28,999,3645,NA,"",29167,2641,1
"2024-11-14",995,373,331,9319,18934,20472,1255,NA,NA,18956,28,997,3629,NA,"",29090,2640,1
"2024-11-13",994,373,331,9300,18883,20408,1252,NA,NA,18902,28,996,3629,NA,"",28966,2636,1
"2024-11-12",993,373,331,9276,18834,20352,1252,NA,NA,18841,28,996,3626,NA,"",28870,2636,1
"2024-11-11",992,373,331,9253,18753,20314,1248,NA,NA,18780,28,996,3620,NA,"",28802,2636,1
"2024-11-10",991,373,331,9249,18713,20280,1248,NA,NA,18723,28,996,3604,NA,"",28683,2634,1
"2024-11-09",990,373,331,9238,18684,20249,1248,NA,NA,18679,28,996,3604,NA,"",28561,2634,1
"2024-11-08",989,373,331,9233,18648,20226,1248,NA,NA,18630,28,996,3602,NA,"",28495,2631,1
"2024-11-07",988,373,331,9224,18599,20194,1248,NA,NA,18512,28,996,3596,NA,"",28411,2631,1
"2024-11-06",987,373,331,9214,18579,20170,1248,NA,NA,18470,28,996,3588,NA,"",28333,2631,1
"2024-11-05",986,373,331,9208,18568,20150,1248,NA,NA,18413,28,996,3587,NA,"",28278,2631,1
"2024-11-04",985,373,331,9193,18525,20121,1248,NA,NA,18384,28,994,3587,NA,"",28237,2629,1
"2024-11-03",984,373,331,9182,18510,20086,1247,NA,NA,18291,28,994,3584,NA,"",28160,2629,1
"2024-11-02",983,373,331,9170,18474,20076,1247,NA,NA,18221,28,994,3583,NA,"",28114,2628,1
"2024-11-01",982,373,331,9162,18457,20039,1247,NA,NA,18191,28,994,3579,NA,"",28028,2628,1
"2024-10-31",981,373,331,9156,18437,20013,1246,NA,NA,18166,28,994,3570,NA,"",27961,2627,1
"2024-10-30",980,373,331,9137,18420,19955,1245,NA,NA,18082,28,986,3567,NA,"",27840,2625,1
"2024-10-29",979,373,331,9129,18391,19917,1244,NA,NA,18042,28,984,3566,NA,"",27749,2625,1
"2024-10-28",978,373,331,9120,18382,19872,1243,NA,NA,17970,28,984,3556,NA,"",27660,2625,1
"2024-10-27",977,373,331,9113,18342,19821,1243,NA,NA,17902,28,984,3542,NA,"",27560,2625,1
"2024-10-26",976,373,331,9109,18319,19782,1243,NA,NA,17829,28,984,3541,NA,"",27460,2625,1
"2024-10-25",975,373,331,9097,18274,19753,1241,NA,NA,17773,28,982,3535,NA,"",27365,2625,1
"2024-10-24",974,373,331,9090,18241,19719,1239,NA,NA,17700,28,981,3513,NA,"",27286,2625,1
"2024-10-23",973,373,331,9088,18216,19674,1237,NA,NA,17592,28,981,3509,NA,"",27217,2625,1
"2024-10-22",972,373,331,9079,18186,19623,1237,NA,NA,17507,28,981,3499,NA,"",27111,2625,1
"2024-10-21",971,373,331,9071,18162,19589,1235,NA,NA,17436,28,979,3479,NA,"",27034,2624,1
"2024-10-20",970,373,331,9047,18098,19565,1235,NA,NA,17390,28,978,3476,NA,"",26987,2624,1
"2024-10-19",969,373,331,9035,18059,19548,1235,NA,NA,17333,28,978,3473,NA,"",26946,2623,1
"2024-10-18",968,373,331,9027,18040,19533,1235,NA,NA,17255,28,978,3448,NA,"",26908,2620,1
"2024-10-17",967,373,331,9014,17989,19510,1235,NA,NA,17207,28,978,3446,NA,"",26815,2620,1
"2024-10-16",966,373,331,8997,17956,19459,1234,NA,NA,17153,28,978,3441,NA,"",26732,2620,1
"2024-10-15",965,373,331,8988,17926,19430,1234,NA,NA,17122,28,978,3441,NA,"",26654,2620,1
"2024-10-14",964,373,331,8975,17882,19421,1234,NA,NA,17112,28,978,3437,NA,"",26622,2619,1
"2024-10-13",963,373,331,8971,17863,19410,1234,NA,NA,17095,28,978,3435,NA,"",26584,2619,1
"2024-10-12",962,373,331,8962,17814,19381,1233,NA,NA,17050,28,976,3434,NA,"",26513,2619,1
"2024-10-11",961,373,331,8953,17787,19322,1232,NA,NA,16940,28,976,3396,NA,"",26398,2619,1
"2024-10-10",960,373,330,8945,17752,19263,1228,NA,NA,16870,28,976,3386,NA,"",26314,2619,1
"2024-10-09",959,373,330,8944,17738,19222,1226,NA,NA,16821,28,973,3385,NA,"",26240,2618,1
"2024-10-08",958,371,330,8940,17727,19203,1226,NA,NA,16788,28,973,3373,NA,"",26185,2618,1
"2024-10-07",957,371,330,8933,17697,19156,1226,NA,NA,16745,28,972,3364,NA,"",26102,2615,1
"2024-10-06",956,371,330,8919,17666,19092,1219,NA,NA,16680,28,970,3363,NA,"",26006,2613,1
"2024-10-05",955,371,330,8916,17645,19037,1219,NA,NA,16631,28,970,3344,NA,"",25905,2613,1
"2024-10-04",954,371,330,8908,17614,18965,1215,NA,NA,16596,28,965,3333,NA,"",25820,2613,1
"2024-10-03",953,371,330,8893,17583,18906,1207,NA,NA,16495,28,964,3330,NA,"",25750,2613,1
"2024-10-02",952,373,330,8887,17566,18869,1207,NA,NA,16448,28,963,3318,NA,"",25692,2613,1
"2024-10-01",951,373,330,8883,17534,18855,1207,NA,NA,16422,28,963,3314,NA,"",25621,2613,1
"2024-09-30",950,373,330,8874,17490,18822,1207,NA,NA,16324,28,963,3313,NA,"",25548,2610,1
"2024-09-29",949,373,330,8869,17463,18795,1207,NA,NA,16286,28,962,3297,NA,"",25495,2610,1
"2024-09-28",948,373,330,8860,17425,18733,1206,NA,NA,16193,28,961,3291,NA,"",25411,2610,1
"2024-09-27",947,373,330,8846,17383,18678,1202,NA,NA,16131,28,961,3192,NA,"",25411,2608,1
"2024-09-26",946,373,330,8825,17331,18620,1202,NA,NA,16046,28,959,3190,NA,"",25353,2599,1
"2024-09-25",945,373,330,8815,17291,18549,1202,NA,NA,15979,28,952,3168,NA,"",25248,2595,1
"2024-09-24",944,373,330,8800,17279,18475,1201,NA,NA,15864,28,952,3155,NA,"",25175,2595,1
"2024-09-23",943,373,330,8784,17239,18414,1200,NA,NA,15799,28,949,3145,NA,"",25102,2595,1
"2024-09-22",942,373,330,8768,17209,18333,1198,NA,NA,15728,28,949,3144,NA,"",25023,2595,1
"2024-09-21",941,373,330,8746,17157,18270,1196,NA,NA,15661,28,949,3125,NA,"",24966,2593,1
"2024-09-20",940,373,330,8725,17119,18212,1192,NA,NA,15569,28,949,3115,NA,"",24898,2593,1
"2024-09-19",939,373,330,8705,17080,18177,1192,NA,NA,15517,28,947,3109,NA,"",24839,2592,1
"2024-09-18",938,373,330,8691,17067,18154,1191,NA,NA,15454,28,947,3109,NA,"",24784,2592,1
"2024-09-17",937,373,330,8685,17064,18129,1191,NA,NA,15429,28,947,3091,NA,"",24739,2592,1
"2024-09-16",936,373,330,8683,17058,18123,1190,NA,NA,15363,28,947,3090,NA,"",24712,2592,1
"2024-09-15",935,373,330,8680,17050,18109,1189,NA,NA,15334,28,947,3084,NA,"",24684,2592,1
"2024-09-14",934,373,330,8674,17030,18086,1189,NA,NA,15249,28,946,3084,NA,"",24631,2591,1
"2024-09-13",933,373,330,8671,16990,18061,1188,NA,NA,15213,28,945,3071,NA,"",24560,2591,1
"2024-09-12",932,373,330,8653,16942,18009,1187,NA,NA,15133,28,945,3061,NA,"",24481,2591,1
"2024-09-11",931,372,330,8642,16925,17936,1185,NA,NA,15090,28,943,3059,NA,"",24388,2591,1
"2024-09-10",930,372,330,8640,16912,17880,1183,NA,NA,15033,28,942,3053,NA,"",24330,2591,1
"2024-09-09",929,372,330,8639,16893,17830,1183,NA,NA,14997,28,942,3049,NA,"",24262,2588,1
"2024-09-08",928,372,330,8636,16884,17804,1183,NA,NA,14964,28,942,3047,NA,"",24218,2588,1
"2024-09-07",927,372,330,8632,16865,17774,1181,NA,NA,14884,28,942,3037,NA,"",24171,2588,1
"2024-09-06",926,372,330,8631,16865,17745,1181,NA,NA,14832,28,941,3037,NA,"",24116,2587,1
"2024-09-05",925,372,330,8624,16856,17725,1180,NA,NA,14758,28,940,3024,NA,"",24044,2587,1
"2024-09-04",924,372,330,8618,16835,17694,1180,NA,NA,14716,28,940,3014,NA,"",24007,2580,1
"2024-09-03",923,372,330,8611,16808,17664,1180,NA,NA,14673,28,940,3002,NA,"",23972,2578,1
"2024-09-02",922,372,330,8601,16773,17646,1180,NA,NA,14637,28,940,2993,NA,"",23925,2557,1
"2024-09-01",921,372,330,8592,16747,17636,1179,NA,NA,14607,28,940,2991,NA,"",23881,2557,1
"2024-08-31",920,372,330,8582,16723,17614,1179,NA,NA,14571,28,940,2977,NA,"",23825,2557,1
"2024-08-30",919,372,330,8574,16709,17572,1178,NA,NA,14553,28,940,2967,NA,"",23763,2556,1
"2024-08-29",918,372,330,8571,16686,17549,1177,NA,NA,14469,28,939,2965,NA,"",23706,2556,1
"2024-08-28",917,372,330,8568,16668,17522,1177,NA,NA,14448,28,938,2950,NA,"",23654,2553,1
"2024-08-27",916,371,330,8563,16654,17495,1176,NA,NA,14354,28,937,2944,NA,"",23613,2547,1
"2024-08-26",915,371,330,8551,16635,17443,1175,NA,NA,14234,28,937,2941,NA,"",23555,2444,1
"2024-08-25",914,371,330,8547,16618,17396,1174,NA,NA,14195,28,936,2928,NA,"",23475,2444,1
"2024-08-24",913,371,330,8542,16607,17349,1172,NA,NA,14164,28,935,2911,NA,"",23383,2444,1
"2024-08-23",912,371,330,8533,16586,17307,1170,NA,NA,14125,28,932,2910,NA,"",23329,2442,1
"2024-08-22",911,371,330,8529,16554,17262,1169,NA,NA,14098,28,931,2904,NA,"",23280,2442,1
"2024-08-21",910,371,330,8522,16529,17216,1169,NA,NA,14002,28,928,2887,NA,"",23221,2442,1
"2024-08-20",909,371,330,8518,16508,17156,1169,NA,NA,13964,28,926,2885,NA,"",23142,2438,1
"2024-08-19",908,371,330,8513,16482,17104,1168,NA,NA,13909,28,925,2863,NA,"",23047,2437,1
"2024-08-18",907,371,330,8508,16467,17056,1164,NA,NA,13852,28,923,2846,NA,"",22992,2432,1
"2024-08-17",906,371,330,8501,16460,16985,1163,NA,NA,13814,28,923,2844,NA,"",22913,2432,1
"2024-08-16",905,371,330,8496,16448,16927,1162,NA,NA,13759,28,922,2829,NA,"",22848,2429,1
"2024-08-15",904,371,330,8484,16413,16868,1157,NA,NA,13698,28,922,2813,NA,"",22775,2428,1
"2024-08-14",903,370,330,8476,16389,16821,1154,NA,NA,13648,28,921,2813,NA,"",22710,2426,1
"2024-08-13",902,370,330,8455,16372,16764,1149,NA,NA,13591,28,920,2806,NA,"",22649,2426,1
"2024-08-12",901,370,330,8450,16355,16728,1149,NA,NA,13572,28,919,2801,NA,"",22590,2426,1
"2024-08-11",900,370,330,8447,16350,16663,1146,NA,NA,13499,28,918,2800,NA,"",22524,2425,1
"2024-08-10",899,370,329,8441,16337,16605,1146,NA,NA,13472,28,918,2789,NA,"",22453,2425,1
"2024-08-09",898,370,329,8434,16328,16536,1145,NA,NA,13425,28,916,2769,NA,"",22371,2424,1
"2024-08-08",897,370,329,8431,16319,16487,1145,NA,NA,13393,28,914,2767,NA,"",22285,2424,1
"2024-08-07",896,369,328,8429,16310,16451,1141,NA,NA,13312,28,910,2759,NA,"",22226,2421,1
"2024-08-06",895,369,328,8421,16281,16384,1141,NA,NA,13258,28,910,2738,NA,"",22148,2420,1
"2024-08-05",894,369,328,8417,16273,16345,1141,NA,NA,13222,28,910,2737,NA,"",22094,2414,1
"2024-08-04",893,365,328,8411,16242,16276,1141,NA,NA,13208,28,911,2734,NA,"",22006,2412,1
"2024-08-03",892,365,328,8406,16225,16217,1138,NA,NA,13162,28,908,2723,NA,"",21926,2410,1
"2024-08-02",891,365,328,8402,16198,16161,1137,NA,NA,13110,28,907,2719,NA,"",21872,2407,1
"2024-08-01",890,365,328,8399,16190,16119,1135,NA,NA,13073,28,907,2713,NA,"",21816,2407,1
"2024-07-31",889,365,328,8390,16148,16086,1134,NA,NA,12958,28,907,2697,NA,"",21739,2407,1
"2024-07-30",888,365,328,8381,16128,16056,1133,NA,NA,12937,28,906,2696,NA,"",21687,2406,1
"2024-07-29",887,365,328,8356,16090,16010,1132,NA,NA,12910,28,906,2690,NA,"",21634,2406,1
"2024-07-28",886,365,328,8344,16082,15936,1130,NA,NA,12871,28,906,2671,NA,"",21572,2405,1
"2024-07-27",885,365,328,8331,16061,15885,1128,NA,NA,12841,28,905,2671,NA,"",21500,2403,1
"2024-07-26",884,365,328,8320,16037,15840,1128,NA,NA,12788,28,904,2668,NA,"",21414,2402,1
"2024-07-25",883,365,328,8313,16026,15804,1128,NA,NA,12715,28,904,2661,NA,"",21358,2402,1
"2024-07-24",882,365,328,8302,16000,15759,1128,NA,NA,12649,28,902,2650,NA,"",21279,2402,1
"2024-07-23",881,364,328,8288,15987,15694,1128,NA,NA,12616,28,901,2640,NA,"",21202,2401,1
"2024-07-22",880,364,328,8284,15967,15637,1126,NA,NA,12580,28,900,2637,NA,"",21138,2401,1
"2024-07-21",879,364,328,8266,15950,15586,1124,NA,NA,12507,28,896,2616,NA,"",21036,2401,1
"2024-07-20",878,364,328,8257,15904,15542,1124,NA,NA,12455,28,895,2607,NA,"",20968,2401,1
"2024-07-19",877,363,328,8250,15889,15520,1123,NA,NA,12421,28,894,2593,NA,"",20909,2401,1
"2024-07-18",876,363,328,8245,15870,15465,1123,NA,NA,12379,28,893,2593,NA,"",20833,2398,1
"2024-07-17",875,363,328,8238,15858,15411,1123,NA,NA,12329,28,893,2586,NA,"",20741,2398,1
"2024-07-16",874,363,328,8227,15849,15368,1122,NA,NA,12298,28,892,2577,NA,"",20680,2398,1
"2024-07-15",873,363,328,8214,15813,15324,1122,NA,NA,12253,28,892,2569,NA,"",20623,2398,1
"2024-07-14",872,363,328,8206,15798,15262,1122,NA,NA,12214,28,890,2566,NA,"",20538,2397,1
"2024-07-13",871,363,328,8199,15766,15216,1122,NA,NA,12175,28,889,2556,NA,"",20461,2397,1
"2024-07-12",870,363,328,8191,15742,15158,1122,NA,NA,12141,28,888,2543,NA,"",20409,2397,1
"2024-07-11",869,363,328,8182,15719,15110,1122,NA,NA,12115,28,886,2535,NA,"",20325,2392,1
"2024-07-10",868,363,328,8180,15702,15051,1118,NA,NA,12079,28,883,2531,NA,"",20269,2389,1
"2024-07-09",867,363,328,8178,15691,15015,1118,NA,NA,12028,28,880,2516,NA,"",20212,2389,1
"2024-07-08",866,363,328,8171,15672,14966,1118,NA,NA,11999,28,880,2503,NA,"",20150,2353,1
"2024-07-07",865,362,328,8155,15632,14937,1118,NA,NA,11968,28,879,2495,NA,"",20103,2352,1
"2024-07-06",864,362,328,8153,15616,14897,1118,NA,NA,11915,28,878,2479,NA,"",20053,2351,1
"2024-07-05",863,362,328,8142,15598,14831,1118,NA,NA,11863,28,878,2473,NA,"",19977,2342,1
"2024-07-04",862,362,328,8132,15587,14777,1118,NA,NA,11800,28,878,2468,NA,"",19923,2342,1
"2024-07-03",861,362,328,8123,15570,14712,1118,NA,NA,11774,28,876,2464,NA,"",19850,2336,1
"2024-07-02",860,362,328,8107,15553,14655,1117,NA,NA,11747,28,874,2452,NA,"",19787,2335,1
"2024-07-01",859,362,328,8099,15537,14599,1114,NA,NA,11726,28,874,2448,NA,"",19713,2333,1
"2024-06-30",858,362,328,8080,15511,14533,1113,NA,NA,11690,28,873,2448,NA,"",19643,2331,1
"2024-06-29",857,362,328,8073,15492,14480,1112,NA,NA,11644,28,871,2436,NA,"",19568,2331,1
"2024-06-28",856,362,328,8066,15467,14423,1112,NA,NA,11615,28,871,2431,NA,"",19514,2329,1
"2024-06-27",855,361,328,8042,15446,14363,1111,NA,NA,11565,28,868,2420,NA,"",19468,2324,1
"2024-06-26",854,361,328,8039,15437,14321,1111,NA,NA,11541,28,863,2409,NA,"",19407,2324,1
"2024-06-25",853,361,328,8035,15418,14281,1111,NA,NA,11519,28,863,2403,NA,"",19362,2324,1
"2024-06-24",852,361,328,8031,15400,14246,1111,NA,NA,11488,28,863,2397,NA,"",19304,2323,1
"2024-06-23",851,361,328,8019,15385,14195,1111,NA,NA,11461,28,863,2377,NA,"",19248,2321,1
"2024-06-22",850,361,328,8009,15370,14134,1109,NA,NA,11411,28,861,2369,NA,"",19204,2302,1
"2024-06-21",849,361,328,8001,15359,14106,1109,NA,NA,11336,28,861,2367,NA,"",19181,2298,1
"2024-06-20",848,361,328,7987,15324,14052,1108,NA,NA,11336,28,859,2357,NA,"",19134,2298,1
"2024-06-19",847,361,328,7984,15306,14007,1107,NA,NA,11297,28,857,2351,NA,"",19078,2297,1
"2024-06-18",846,361,328,7974,15294,13959,1107,NA,NA,11263,28,853,2344,NA,"",19031,2297,1
"2024-06-17",845,361,328,7958,15274,13927,1107,NA,NA,11243,28,853,2337,NA,"",18991,2296,1
"2024-06-16",844,361,328,7956,15256,13913,1107,NA,NA,11235,28,853,2325,NA,"",18967,2296,1
"2024-06-15",843,361,328,7956,15250,13855,1106,NA,NA,11224,28,853,2322,NA,"",18911,2293,1
"2024-06-14",842,361,328,7936,15221,13818,1104,NA,NA,11173,28,849,2310,NA,"",18854,2286,1
"2024-06-13",841,361,328,7928,15195,13770,1102,NA,NA,11151,28,846,2294,NA,"",18794,2285,1
"2024-06-12",840,361,328,7911,15174,13736,1102,NA,NA,11118,28,844,2290,NA,"",18736,2280,1
"2024-06-11",839,361,328,7902,15163,13690,1102,NA,NA,11099,28,842,2288,NA,"",18676,2278,1
"2024-06-10",838,360,328,7879,15131,13644,1101,NA,NA,11086,28,837,2267,NA,"",18618,2278,1
"2024-06-09",837,359,328,7869,15118,13593,1100,NA,NA,11058,28,836,2253,NA,"",18562,2277,1
"2024-06-08",836,359,328,7843,15092,13533,1098,NA,NA,11021,28,834,2248,NA,"",18484,2277,1
"2024-06-07",835,359,328,7834,15083,13497,1098,NA,NA,10962,28,833,2238,NA,"",18416,2270,1
"2024-06-06",834,359,328,7828,15063,13433,1098,NA,NA,10922,27,831,2230,NA,"",18360,2270,1
"2024-06-05",833,359,328,7806,15023,13385,1095,NA,NA,10881,27,830,2223,NA,"",18297,2270,1
"2024-06-04",832,359,328,7794,15007,13345,1095,NA,NA,10842,27,827,2211,NA,"",18228,2268,1
"2024-06-03",831,359,328,7779,14989,13280,1093,NA,NA,10815,27,824,2199,NA,"",18159,2268,1
"2024-06-02",830,359,328,7765,14967,13233,1092,NA,NA,10775,27,821,2195,NA,"",18092,2268,1
"2024-06-01",829,359,328,7740,14934,13184,1091,NA,NA,10693,27,815,2181,NA,"",18006,2230,1
"2024-05-31",828,359,328,7728,14922,13140,1091,NA,NA,10663,27,815,2164,NA,"",17905,2229,1
"2024-05-30",827,359,328,7710,14900,13101,1091,NA,NA,10608,27,815,2153,NA,"",17849,2222,1
"2024-05-29",826,359,328,7700,14878,13066,1090,NA,NA,10586,27,815,2142,NA,"",17796,2222,1
"2024-05-28",825,359,328,7692,14845,13029,1088,NA,NA,10558,27,815,2122,NA,"",17740,2221,1
"2024-05-27",824,359,328,7671,14805,12981,1087,NA,NA,10543,27,815,2118,NA,"",17694,2221,1
"2024-05-26",823,359,328,7662,14790,12953,1086,NA,NA,10501,27,814,2111,NA,"",17639,2209,1
"2024-05-25",822,358,328,7650,14773,12929,1085,NA,NA,10490,27,814,2104,NA,"",17608,2209,1
"2024-05-24",821,358,328,7635,14762,12902,1083,NA,NA,10468,27,813,2101,NA,"",17569,2209,1
"2024-05-23",820,357,328,7622,14735,12860,1080,NA,NA,10458,27,813,2094,NA,"",17513,2209,1
"2024-05-22",819,356,328,7611,14708,12820,1080,NA,NA,10413,27,812,2090,NA,"",17442,2208,1
"2024-05-21",818,356,328,7605,14686,12779,1080,NA,NA,10357,27,811,2085,NA,"",17383,2207,1
"2024-05-20",817,356,328,7590,14652,12737,1079,NA,NA,10303,27,807,2079,NA,"",17311,2205,1
"2024-05-19",816,356,328,7576,14617,12687,1077,NA,NA,10222,26,803,2077,NA,"",17251,2204,1
"2024-05-18",815,356,328,7560,14582,12639,1074,NA,NA,10175,26,801,2075,NA,"",17169,2203,1
"2024-05-17",814,355,328,7547,14539,12603,1074,NA,NA,10140,26,800,2069,NA,"",17104,2200,1
"2024-05-16",813,353,327,7529,14525,12565,1073,NA,NA,10095,26,798,2062,NA,"",17048,2200,1
"2024-05-15",812,353,327,7510,14495,12538,1073,NA,NA,10082,26,798,2061,NA,"",16955,2199,1
"2024-05-14",811,353,327,7496,14447,12515,1073,NA,NA,10052,26,798,2054,NA,"",16907,2197,1
"2024-05-13",810,352,327,7485,14404,12487,1073,NA,NA,10003,26,797,2048,NA,"",16878,2197,1
"2024-05-12",809,352,327,7454,14362,12472,1069,NA,NA,9977,26,797,2042,NA,"",16819,2194,1
"2024-05-11",808,351,327,7449,14340,12442,1067,NA,NA,9935,26,796,2040,NA,"",16755,2193,1
"2024-05-10",807,351,327,7434,14300,12387,1065,NA,NA,9893,26,795,2031,NA,"",16691,2192,1
"2024-05-09",806,351,327,7429,14268,12340,1061,NA,NA,9842,26,793,2027,NA,"",16618,2192,1
"2024-05-08",805,351,327,7418,14233,12317,1060,NA,NA,9795,26,792,2019,NA,"",16549,2151,1
"2024-05-07",804,351,327,7405,14214,12287,1060,NA,NA,9784,26,792,2017,NA,"",16509,2149,1
"2024-05-06",803,351,327,7380,14200,12250,1060,NA,NA,9750,26,791,2008,NA,"",16477,2148,1
"2024-05-05",802,351,327,7375,14166,12212,1060,NA,NA,9703,26,790,2002,NA,"",16418,2147,1
"2024-05-04",801,350,327,7366,14138,12148,1057,NA,NA,9678,26,788,2001,NA,"",16337,2127,1
"2024-05-03",800,350,327,7354,14111,12102,1055,NA,NA,9647,26,786,1993,NA,"",16266,2126,1
"2024-05-02",799,350,327,7332,14078,12044,1055,NA,NA,9628,26,784,1988,NA,"",16224,2126,1
"2024-05-01",798,350,327,7312,14049,12024,1055,NA,NA,9605,26,780,1980,NA,"",16175,2126,1
"2024-04-30",797,350,327,7307,14028,12011,1055,NA,NA,9598,26,779,1977,NA,"",16142,2126,1
"2024-04-29",796,350,327,7285,13989,11985,1053,NA,NA,9595,26,778,1974,NA,"",16109,2124,1
"2024-04-28",795,350,327,7279,13973,11948,1052,NA,NA,9574,26,776,1971,NA,"",16065,2124,1
"2024-04-27",794,350,327,7268,13953,11905,1051,NA,NA,9552,26,775,1968,NA,"",16019,2124,1
"2024-04-26",793,350,327,7262,13939,11867,1051,NA,NA,9528,26,772,1962,NA,"",15984,2119,1
"2024-04-25",792,350,327,7255,13924,11836,1051,NA,NA,9516,26,772,1946,NA,"",15949,2118,1
"2024-04-24",791,350,327,7242,13910,11808,1050,NA,NA,9506,26,771,1944,NA,"",15892,2117,1
"2024-04-23",790,350,327,7241,13898,11765,1048,NA,NA,9474,26,769,1936,NA,"",15845,2117,1
"2024-04-22",789,350,327,7236,13886,11736,1048,NA,NA,9451,26,768,1934,NA,"",15812,2117,1
"2024-04-21",788,350,327,7229,13878,11719,1048,NA,NA,9446,26,767,1926,NA,"",15785,2115,1
"2024-04-20",787,350,327,7213,13855,11678,1048,NA,NA,9408,26,763,1918,NA,"",15717,2109,1
"2024-04-19",786,349,327,7205,13834,11658,1048,NA,NA,9378,26,762,1915,NA,"",15671,2096,1
"2024-04-18",785,349,327,7196,13817,11637,1048,NA,NA,9351,26,760,1915,NA,"",15618,2093,1
"2024-04-17",784,349,327,7193,13809,11624,1048,NA,NA,9346,26,760,1910,NA,"",15587,2093,1
"2024-04-16",783,349,327,7189,13791,11609,1048,NA,NA,9344,26,759,1908,NA,"",15563,2092,1
"2024-04-15",782,349,327,7180,13778,11593,1048,NA,NA,9333,26,758,1908,NA,"",15510,2092,1
"2024-04-14",781,349,327,7174,13747,11552,1048,NA,NA,9302,26,758,1905,NA,"",15459,2089,1
"2024-04-13",780,349,327,7169,13727,11518,1047,NA,NA,9268,26,756,1893,NA,"",15396,2088,1
"2024-04-12",779,349,327,7146,13680,11486,1044,NA,NA,9228,26,755,1888,NA,"",15339,2087,1
"2024-04-11",778,349,327,7137,13661,11452,1042,NA,NA,9171,26,754,1882,NA,"",15298,2069,1
"2024-04-10",777,349,327,7132,13649,11404,1042,NA,NA,9137,26,753,1876,NA,"",15248,2067,1
"2024-04-09",776,349,327,7110,13602,11386,1041,NA,NA,9100,26,753,1868,NA,"",15181,2065,1
"2024-04-08",775,349,327,7087,13557,11356,1041,NA,NA,9063,26,751,1867,NA,"",15110,2065,1
"2024-04-07",774,349,327,7074,13533,11316,1038,NA,NA,9023,26,749,1864,NA,"",15071,2064,1
"2024-04-06",773,349,327,7057,13479,11262,1034,NA,NA,8962,26,749,1854,NA,"",14992,2060,1
"2024-04-05",772,349,327,7033,13441,11221,1031,NA,NA,8914,26,747,1849,NA,"",14922,2059,1
"2024-04-04",771,349,327,7018,13368,11171,1028,NA,NA,8884,26,746,1845,NA,"",14861,2059,1
"2024-04-03",770,349,327,7009,13350,11142,1027,NA,NA,8863,26,745,1838,NA,"",14813,2059,1
"2024-04-02",769,349,327,6998,13332,11112,1025,NA,NA,8846,26,744,1832,NA,"",14783,2058,1
"2024-04-01",768,349,327,6986,13303,11082,1025,NA,NA,8824,26,744,1826,NA,"",14752,2057,1
"2024-03-31",767,349,327,6966,13286,11050,1025,NA,NA,8798,26,743,1823,NA,"",14717,2048,1
"2024-03-30",766,349,327,6951,13266,11006,1025,NA,NA,8768,26,736,1814,NA,"",14670,2046,1
"2024-03-29",765,349,327,6922,13246,10991,1025,NA,NA,8723,26,735,1807,NA,"",14645,2022,1
"2024-03-28",764,349,327,6914,13219,10963,1023,NA,NA,8667,26,729,1800,NA,"",14595,2017,1
"2024-03-27",763,349,327,6904,13198,10931,1021,NA,NA,8645,26,728,1794,NA,"",14539,2015,1
"2024-03-26",762,349,327,6893,13189,10904,1021,NA,NA,8620,26,727,1789,NA,"",14498,2014,1
"2024-03-25",761,349,327,6887,13165,10877,1020,NA,NA,8606,26,726,1785,NA,"",14454,2010,1
"2024-03-24",760,349,327,6876,13140,10855,1020,NA,NA,8577,26,723,1778,NA,"",14407,1992,1
"2024-03-23",759,349,327,6852,13112,10811,1020,NA,NA,8530,26,723,1768,NA,"",14344,1992,1
"2024-03-22",758,349,327,6840,13093,10775,1020,NA,NA,8455,26,723,1749,NA,"",14287,1953,1
"2024-03-21",757,349,327,6832,13056,10740,1020,NA,NA,8432,26,721,1741,NA,"",14242,1922,1
"2024-03-20",756,349,327,6828,13040,10714,1019,NA,NA,8422,26,721,1738,NA,"",14198,1922,1
"2024-03-19",755,349,327,6819,13031,10698,1019,NA,NA,8385,26,721,1735,NA,"",14191,1922,1
"2024-03-18",754,349,327,6809,12996,10668,1019,NA,NA,8375,26,720,1731,NA,"",14141,1922,1
"2024-03-17",753,349,327,6790,12979,10634,1019,NA,NA,8339,26,720,1723,NA,"",14073,1922,1
"2024-03-16",752,349,327,6779,12955,10606,1019,NA,NA,8335,26,719,1712,NA,"",14024,1922,1
"2024-03-15",751,349,327,6758,12931,10580,1019,NA,NA,8321,26,717,1711,NA,"",13993,1920,1
"2024-03-14",750,349,327,6757,12920,10565,1019,NA,NA,8287,26,717,1708,NA,"",13959,1920,1
"2024-03-13",749,349,327,6752,12903,10554,1019,NA,NA,8272,26,715,1699,NA,"",13932,1919,1
"2024-03-12",748,349,327,6747,12883,10522,1018,NA,NA,8252,26,713,1691,NA,"",13870,1920,1
"2024-03-11",747,349,327,6739,12856,10499,1018,NA,NA,8209,26,711,1686,NA,"",13826,1919,1
"2024-03-10",746,349,327,6731,12832,10466,1017,NA,NA,8150,26,709,1672,NA,"",13752,1919,1
"2024-03-09",745,349,327,6712,12805,10428,1014,NA,NA,8109,26,707,1666,NA,"",13683,1919,1
"2024-03-08",744,349,327,6706,12780,10375,1013,NA,NA,8066,26,704,1656,NA,"",13598,1919,1
"2024-03-07",743,349,327,6695,12761,10350,1011,NA,NA,8031,26,701,1647,NA,"",13532,1919,1
"2024-03-06",742,349,327,6678,12710,10308,1010,NA,NA,7989,26,701,1642,NA,"",13479,1918,1
"2024-03-05",741,349,327,6657,12670,10258,1009,NA,NA,7931,25,700,1630,NA,"",13423,1917,1
"2024-03-04",740,349,327,6648,12642,10210,1006,NA,NA,7913,25,698,1621,NA,"",13374,1916,1
"2024-03-03",739,349,327,6640,12621,10188,1005,NA,NA,7911,25,696,1620,NA,"",13332,1915,1
"2024-03-02",738,348,327,6624,12593,10153,1005,NA,NA,7897,25,696,1617,NA,"",13267,1915,1
"2024-03-01",737,347,327,6610,12564,10106,1002,NA,NA,7862,25,691,1611,NA,"",13206,1912,1
"2024-02-29",736,344,327,6593,12534,10070,1002,NA,NA,7836,25,690,1601,NA,"",13152,1912,1
"2024-02-28",735,344,327,6570,12490,10029,1002,NA,NA,7821,25,688,1594,NA,"",13112,1912,1
"2024-02-27",734,342,327,6556,12476,10009,1002,NA,NA,7797,25,686,1588,NA,"",13065,1912,1
"2024-02-26",733,342,327,6555,12460,9993,1002,NA,NA,7775,25,686,1580,NA,"",13037,1910,1
"2024-02-25",732,342,327,6542,12423,9981,1001,NA,NA,7749,25,684,1578,NA,"",13011,1907,1
"2024-02-24",731,342,327,6534,12407,9952,1001,NA,NA,7727,25,684,1576,NA,"",12988,1905,1
"2024-02-23",730,341,327,6526,12392,9916,1001,NA,NA,7696,25,682,1575,NA,"",12960,1903,1
"2024-02-22",729,341,327,6523,12355,9867,999,NA,NA,7664,25,680,1566,NA,"",12924,1903,1
"2024-02-21",728,340,327,6516,12320,9826,994,NA,NA,7628,25,678,1558,NA,"",12861,1903,1
"2024-02-20",727,340,327,6503,12250,9773,990,NA,NA,7589,25,675,1551,NA,"",12805,1902,1
"2024-02-19",726,338,327,6498,12214,9733,988,NA,NA,7528,25,674,1545,NA,"",12767,1898,1
"2024-02-18",725,337,327,6487,12180,9709,986,NA,NA,7517,25,674,1540,NA,"",12736,1898,1
"2024-02-17",724,334,327,6476,12127,9669,986,NA,NA,7481,25,671,1533,NA,"",12734,1896,1
"2024-02-16",723,334,327,6465,12111,9641,986,NA,NA,7476,25,671,1528,NA,"",12716,1895,1
"2024-02-15",722,334,327,6442,12072,9620,986,NA,NA,7472,25,671,1524,NA,"",12691,1882,1
"2024-02-14",721,334,327,6433,12025,9566,986,NA,NA,7439,24,671,1523,NA,"",12662,1882,1
"2024-02-13",720,334,327,6424,11986,9500,983,NA,NA,7400,24,667,1518,NA,"",12623,1882,1
"2024-02-12",719,334,327,6416,11959,9481,983,NA,NA,7370,24,666,1514,NA,"",12599,1882,1
"2024-02-11",718,334,327,6406,11938,9475,983,NA,NA,7325,24,666,1513,NA,"",12592,1881,1
"2024-02-10",717,334,327,6394,11924,9459,983,NA,NA,7303,24,666,1512,NA,"",12579,1881,1
"2024-02-09",716,334,327,6385,11903,9435,983,NA,NA,7277,24,666,1509,NA,"",12551,1881,1
"2024-02-08",715,334,327,6383,11881,9411,982,NA,NA,7259,24,666,1505,NA,"",12513,1880,1
"2024-02-07",714,334,326,6372,11861,9387,982,NA,NA,7245,24,665,1497,NA,"",12486,1849,1
"2024-02-06",713,334,326,6365,11839,9367,981,NA,NA,7241,24,665,1496,NA,"",12453,1848,1
"2024-02-05",712,334,326,6348,11804,9349,981,NA,NA,7241,24,664,1486,NA,"",12412,1848,1
"2024-02-04",711,334,326,6343,11800,9331,981,NA,NA,7241,24,663,1479,NA,"",12393,1848,1
"2024-02-03",710,334,326,6341,11787,9300,981,NA,NA,7229,24,663,1473,NA,"",12352,1847,1
"2024-02-02",709,334,326,6331,11774,9274,980,NA,NA,7214,24,663,1470,NA,"",12316,1847,1
"2024-02-01",708,334,326,6322,11755,9228,978,NA,NA,7204,23,663,1462,NA,"",12267,1847,1
"2024-01-31",707,334,326,6310,11739,9195,976,NA,NA,7168,23,663,1452,NA,"",12231,1846,1
"2024-01-30",706,334,326,6300,11707,9144,974,NA,NA,7152,23,663,1448,NA,"",12191,1846,1
"2024-01-29",705,333,326,6290,11678,9113,974,NA,NA,7117,23,660,1443,NA,"",12149,1846,1
"2024-01-28",704,333,326,6280,11653,9097,974,NA,NA,7109,23,660,1436,NA,"",12103,1845,1
"2024-01-27",703,333,326,6271,11634,9085,974,NA,NA,7105,23,660,1433,NA,"",12072,1845,1
"2024-01-26",702,333,326,6265,11619,9082,974,NA,NA,7101,23,660,1425,NA,"",12064,1845,1
"2024-01-25",701,333,326,6257,11603,9067,974,NA,NA,7101,23,660,1420,NA,"",12044,1844,1
"2024-01-24",700,333,326,6227,11561,9008,973,NA,NA,7066,23,659,1416,NA,"",12005,1842,1
"2024-01-23",699,333,326,6214,11530,8947,972,NA,NA,7029,23,657,1409,NA,"",11956,1820,1
"2024-01-22",698,333,326,6192,11471,8896,970,NA,NA,7029,23,657,1397,NA,"",11891,1819,1
"2024-01-21",697,333,326,6181,11448,8875,970,NA,NA,7004,23,655,1392,NA,"",11862,1818,1
"2024-01-20",696,333,326,6171,11437,8868,969,NA,NA,7002,23,654,1389,NA,"",11848,1818,1
"2024-01-19",695,333,326,6167,11427,8854,968,NA,NA,6997,23,654,1384,NA,"",11831,1818,1
"2024-01-18",694,333,326,6147,11392,8835,968,NA,NA,6993,23,653,1380,NA,"",11794,1818,1
"2024-01-17",693,333,326,6126,11354,8811,966,NA,NA,6952,23,653,1367,NA,"",11755,1817,1
"2024-01-16",692,333,326,6113,11340,8801,963,NA,NA,6945,23,653,1365,NA,"",11731,1816,1
"2024-01-15",691,331,326,6089,11304,8771,960,NA,NA,6933,23,650,1356,NA,"",11698,1815,1
"2024-01-14",690,331,326,6075,11284,8747,959,NA,NA,6929,23,648,1353,NA,"",11667,1814,1
"2024-01-13",689,331,326,6065,11251,8728,959,NA,NA,6916,23,646,1345,NA,"",11632,1806,1
"2024-01-12",688,331,326,6060,11236,8710,959,NA,NA,6904,23,642,1339,NA,"",11612,1806,1
"2024-01-11",687,331,326,6050,11220,8699,959,NA,NA,6902,23,641,1337,NA,"",11596,1806,1
"2024-01-10",686,331,326,6038,11198,8684,958,NA,NA,6902,23,639,1336,NA,"",11575,1805,1
"2024-01-09",685,331,326,6036,11185,8672,956,NA,NA,6891,23,638,1333,NA,"",11552,1805,1
"2024-01-08",684,331,326,6031,11176,8666,955,NA,NA,6890,23,638,1328,NA,"",11542,1787,1
"2024-01-07",683,331,326,6022,11162,8653,953,NA,NA,6879,23,637,1327,NA,"",11523,1786,1
"2024-01-06",682,331,326,6018,11140,8617,952,NA,NA,6855,23,633,1317,NA,"",11478,1786,1
"2024-01-05",681,331,326,6011,11124,8604,951,NA,NA,6839,23,631,1313,NA,"",11463,1786,1
"2024-01-04",680,331,326,6002,11110,8574,949,NA,NA,6821,23,630,1304,NA,"",11423,1785,1
"2024-01-03",679,331,326,5990,11089,8546,947,NA,NA,6816,23,629,1298,NA,"",11391,1783,1
"2024-01-02",678,331,326,5990,11082,8531,947,NA,NA,6778,23,626,1284,NA,"",11365,1710,1
"2024-01-01",677,331,326,5983,11069,8482,945,NA,NA,6725,23,625,1277,NA,"",11330,1709,1
"2023-12-31",676,331,326,5977,11052,8464,945,NA,NA,6659,23,623,1268,NA,"",11292,1709,1
"2023-12-30",675,331,326,5969,11035,8434,941,NA,NA,6622,23,621,1260,NA,"",11244,1708,1
"2023-12-29",674,331,326,5953,11015,8417,940,NA,NA,6607,23,620,1254,NA,"",11215,1620,1
"2023-12-28",673,331,326,5940,10997,8391,937,NA,NA,6571,23,617,1247,NA,"",11180,1620,1
"2023-12-27",672,331,326,5913,10955,8376,936,NA,NA,6539,23,616,1240,NA,"",11140,1620,1
"2023-12-26",671,331,326,5899,10938,8366,936,NA,NA,6526,23,614,1239,NA,"",11109,1618,1
"2023-12-25",670,331,326,5877,10901,8347,936,NA,NA,6504,22,613,1234,NA,"",11075,1616,1
"2023-12-24",669,329,326,5858,10870,8314,934,NA,NA,6472,22,611,1229,NA,"",11022,1614,1
"2023-12-23",668,329,326,5854,10853,8286,934,NA,NA,6452,22,611,1223,NA,"",10995,1613,1
"2023-12-22",667,326,326,5837,10825,8250,934,NA,NA,6433,22,611,1217,NA,"",10944,1613,1
"2023-12-21",666,326,326,5828,10807,8226,934,NA,NA,6410,22,611,1208,NA,"",10919,1613,1
"2023-12-20",665,326,326,5814,10776,8206,930,NA,NA,6384,22,611,1203,NA,"",10871,1612,1
"2023-12-19",664,326,326,5798,10753,8190,928,NA,NA,6367,22,611,1200,NA,"",10842,1611,1
"2023-12-18",663,326,326,5783,10734,8175,928,NA,NA,6358,22,610,1198,NA,"",10822,1610,1
"2023-12-17",662,326,326,5739,10674,8137,925,NA,NA,6346,22,609,1194,NA,"",10766,1610,1
"2023-12-16",661,326,326,5720,10649,8100,922,NA,NA,6306,22,605,1190,NA,"",10710,1609,1
"2023-12-15",660,326,326,5706,10636,8099,922,NA,NA,6294,22,605,1189,NA,"",10699,1608,1
"2023-12-14",659,326,326,5692,10598,8088,922,NA,NA,6274,22,605,1185,NA,"",10675,1606,1
"2023-12-13",658,326,326,5682,10576,8076,921,NA,NA,6241,22,605,1176,NA,"",10662,1596,1
"2023-12-12",657,326,326,5664,10561,8073,921,NA,NA,6231,22,605,1170,NA,"",10650,1596,1
"2023-12-11",656,326,326,5655,10542,8070,921,NA,NA,6222,22,605,1168,NA,"",10636,1586,1
"2023-12-10",655,326,326,5636,10511,8064,921,NA,NA,6204,22,605,1162,NA,"",10623,1586,1
"2023-12-09",654,326,326,5632,10501,8058,921,NA,NA,6204,22,605,1159,NA,"",10598,1585,1
"2023-12-08",653,326,326,5626,10490,8057,921,NA,NA,6204,22,605,1159,NA,"",10591,1571,1
"2023-12-07",652,326,326,5618,10464,8045,921,NA,NA,6184,22,605,1156,NA,"",10561,1571,1
"2023-12-06",651,326,326,5600,10438,8024,921,NA,NA,6151,22,605,1153,NA,"",10532,1570,1
"2023-12-05",650,325,326,5587,10398,7987,915,NA,NA,6100,22,605,1148,NA,"",10483,1570,1
"2023-12-04",649,325,326,5580,10383,7961,915,NA,NA,6085,22,602,1141,NA,"",10451,1569,1
"2023-12-03",648,325,326,5575,10378,7949,915,NA,NA,6063,22,602,1140,NA,"",10432,1569,1
"2023-12-02",647,325,326,5571,10367,7941,915,NA,NA,6062,22,602,1138,NA,"",10410,1568,1
"2023-12-01",646,325,326,5564,10354,7931,914,NA,NA,6044,22,602,1137,NA,"",10399,1567,1
"2023-11-30",645,325,326,5551,10322,7909,912,NA,NA,6022,22,600,1124,NA,"",10361,1567,1
"2023-11-29",644,325,326,5538,10294,7908,912,NA,NA,6012,22,600,1121,NA,"",10348,1567,1
"2023-11-28",643,325,326,5523,10267,7876,909,NA,NA,5973,22,597,1113,NA,"",10302,1565,1
"2023-11-27",642,325,326,5520,10264,7875,909,NA,NA,5973,22,597,1113,NA,"",10299,1565,1
"2023-11-26",641,325,326,5513,10261,7874,909,NA,NA,5969,22,597,1113,NA,"",10288,1565,1
"2023-11-25",640,325,326,5502,10245,7851,907,NA,NA,5876,22,596,1112,NA,"",10259,1565,1
"2023-11-24",639,325,326,5496,10238,7833,906,NA,NA,5868,22,595,1108,NA,"",10232,1564,1
"2023-11-23",638,325,326,5466,10206,7802,904,NA,NA,5867,22,591,1107,NA,"",10198,1564,1
"2023-11-22",637,325,326,5446,10170,7769,901,NA,NA,5852,22,589,1105,NA,"",10159,1564,1
"2023-11-21",636,325,326,5439,10156,7752,901,NA,NA,5839,22,588,1098,NA,"",10134,1564,1
"2023-11-20",635,325,326,5439,10150,7748,901,NA,NA,5832,22,588,1097,NA,"",10127,1563,1
"2023-11-19",634,325,326,5435,10148,7744,900,NA,NA,5823,22,588,1096,NA,"",10120,1563,1
"2023-11-18",633,325,326,5422,10123,7726,898,NA,NA,5794,22,586,1090,NA,"",10091,1563,1
"2023-11-17",632,325,326,5415,10114,7712,897,NA,NA,5777,22,585,1086,NA,"",10077,1563,1
"2023-11-16",631,325,326,5388,10103,7683,894,NA,NA,5757,22,585,1084,NA,"",10060,1563,1
"2023-11-15",630,325,326,5377,10086,7647,886,NA,NA,5743,22,582,1083,NA,"",10020,1562,1
"2023-11-14",629,324,326,5362,10068,7589,884,NA,NA,5717,22,580,1081,NA,"",9973,1561,1
"2023-11-13",628,324,326,5354,10061,7569,883,NA,NA,5702,22,580,1079,NA,"",9949,1561,1
"2023-11-12",627,324,326,5349,10055,7559,883,NA,NA,5700,22,580,1078,NA,"",9944,1560,1
"2023-11-11",626,324,326,5342,10023,7527,881,NA,NA,5688,22,579,1069,NA,"",9925,1559,1
"2023-11-10",625,324,326,5317,9999,7489,879,NA,NA,5663,20,578,1060,NA,"",9876,1558,1
"2023-11-09",624,324,326,5316,9996,7475,877,NA,NA,5661,20,577,1059,NA,"",9853,1557,1
"2023-11-08",623,324,326,5301,9978,7439,874,NA,NA,5635,20,572,1054,NA,"",9814,1556,1
"2023-11-07",622,324,326,5293,9956,7410,871,NA,NA,5625,20,570,1049,NA,"",9767,1556,1
"2023-11-06",621,324,326,5288,9940,7389,869,NA,NA,5622,20,570,1047,NA,"",9744,1556,1
"2023-11-05",620,324,326,5284,9935,7375,869,NA,NA,5602,20,570,1047,NA,"",9730,1554,1
"2023-11-04",619,324,326,5276,9921,7363,863,NA,NA,5602,20,568,1038,NA,"",9716,1551,1
"2023-11-03",618,324,326,5265,9883,7328,856,NA,NA,5563,20,566,1034,NA,"",9691,1551,1
"2023-11-02",617,324,326,5241,9859,7292,852,NA,NA,5556,20,566,1032,NA,"",9658,1549,1
"2023-11-01",616,323,326,5223,9816,7250,848,NA,NA,5536,20,563,1019,NA,"",9624,1547,1
"2023-10-31",615,323,326,5211,9786,7227,846,NA,NA,5508,20,562,1016,NA,"",9590,1546,1
"2023-10-30",614,323,326,5190,9757,7202,836,NA,NA,5487,20,559,1014,NA,"",9555,1544,1
"2023-10-29",613,322,326,5175,9740,7188,836,NA,NA,5467,20,558,1012,NA,"",9532,1544,1
"2023-10-28",612,322,326,5167,9731,7180,836,NA,NA,5467,20,558,1011,NA,"",9524,1541,1
"2023-10-27",611,322,326,5145,9708,7162,836,NA,NA,5458,20,556,1011,NA,"",9513,1538,1
"2023-10-26",610,322,326,5141,9697,7155,836,NA,NA,5457,20,556,1010,NA,"",9507,1538,1
"2023-10-25",609,322,326,5112,9679,7125,835,NA,NA,5440,20,554,1007,NA,"",9474,1538,1
"2023-10-24",608,322,326,5105,9651,7081,830,NA,NA,5431,20,552,1006,NA,"",9447,1537,1
"2023-10-23",607,322,326,5093,9635,7057,827,NA,NA,5413,20,551,998,NA,"",9419,1536,1
"2023-10-22",606,322,326,5081,9613,7032,827,NA,NA,5407,20,549,991,NA,"",9404,1535,1
"2023-10-21",605,322,326,5063,9594,7017,824,NA,NA,5398,20,548,990,NA,"",9391,1535,1
"2023-10-20",604,322,326,5047,9539,7012,824,NA,NA,5394,20,548,985,NA,"",9370,1535,1
"2023-10-19",603,322,326,4992,9419,6983,820,NA,NA,5386,20,548,985,NA,"",9337,1534,1
"2023-10-18",602,321,325,4981,9402,6944,816,NA,NA,5369,20,547,982,NA,"",9303,1534,1
"2023-10-17",601,320,319,4979,9387,6936,816,NA,NA,5359,20,547,982,NA,"",9293,1533,1
"2023-10-16",600,320,319,4965,9367,6910,816,NA,NA,5348,20,547,981,NA,"",9271,1531,1
"2023-10-15",599,319,318,4948,9344,6866,815,NA,NA,5337,20,547,976,NA,"",9249,1531,1
"2023-10-14",598,319,318,4940,9319,6833,813,NA,NA,5333,20,547,971,NA,"",9225,1531,1
"2023-10-13",597,318,318,4931,9295,6807,813,NA,NA,5332,20,546,967,NA,"",9203,1531,1
"2023-10-12",596,318,318,4905,9246,6763,813,NA,NA,5315,20,545,966,NA,"",9170,1531,1
"2023-10-11",595,318,318,4863,9202,6731,811,NA,NA,5294,20,545,965,NA,"",9145,1530,1
"2023-10-10",594,317,318,4829,9111,6713,810,NA,NA,5275,20,544,961,NA,"",9125,1530,1
"2023-10-09",593,317,318,4823,9108,6706,810,NA,NA,5258,20,543,959,NA,"",9113,1530,1
"2023-10-08",592,317,318,4821,9105,6705,810,NA,NA,5258,20,542,959,NA,"",9111,1530,1
"2023-10-07",591,317,318,4800,9084,6688,810,NA,NA,5253,20,541,956,NA,"",9073,1530,1
"2023-10-06",590,317,318,4777,9064,6666,808,NA,NA,5226,20,540,951,NA,"",9015,1530,1
"2023-10-05",589,317,318,4757,9034,6643,806,NA,NA,5197,20,540,948,NA,"",8980,1530,1
"2023-10-04",588,317,318,4745,9008,6612,804,NA,NA,5189,20,540,946,NA,"",8962,1530,1
"2023-10-03",587,317,318,4732,8990,6565,803,NA,NA,5148,20,540,943,NA,"",8932,1529,1
"2023-10-02",586,319,318,4707,8982,6525,803,NA,NA,5130,20,537,938,NA,"",8909,1529,1
"2023-10-01",585,319,318,4697,8973,6477,800,NA,NA,5112,20,537,933,NA,"",8883,1529,1
"2023-09-30",584,318,318,4686,8966,6447,798,NA,NA,5075,20,537,932,NA,"",8854,1529,1
"2023-09-29",583,318,318,4682,8954,6409,796,NA,NA,5060,20,536,930,NA,"",8836,1529,1
"2023-09-28",582,318,318,4674,8944,6375,795,NA,NA,5026,20,535,929,NA,"",8815,1529,1
"2023-09-27",581,318,318,4670,8932,6337,794,NA,NA,5017,20,534,927,NA,"",8792,1529,1
"2023-09-26",580,318,318,4667,8928,6299,794,NA,NA,4993,20,533,925,NA,"",8763,1529,1
"2023-09-25",579,318,318,4662,8909,6260,793,NA,NA,4964,20,533,918,NA,"",8746,1518,1
"2023-09-24",578,318,318,4657,8896,6233,791,NA,NA,4957,20,531,914,NA,"",8734,1518,1
"2023-09-23",577,318,318,4650,8894,6210,791,NA,NA,4936,20,530,912,NA,"",8716,1518,1
"2023-09-22",576,318,318,4639,8873,6177,787,NA,NA,4927,20,528,912,NA,"",8690,1517,1
"2023-09-21",575,318,318,4633,8865,6137,783,NA,NA,4919,20,528,911,NA,"",8670,1479,1
"2023-09-20",574,318,318,4630,8850,6096,781,NA,NA,4890,20,526,906,NA,"",8633,1479,1
"2023-09-19",573,318,318,4623,8833,6062,780,NA,NA,4853,20,526,903,NA,"",8601,1479,1
"2023-09-18",572,318,318,4618,8816,6027,778,NA,NA,4838,20,525,901,NA,"",8571,1462,1
"2023-09-17",571,318,318,4615,8810,6003,778,NA,NA,4811,20,523,896,NA,"",8537,1455,1
"2023-09-16",570,318,318,4611,8806,5988,776,NA,NA,4807,20,521,891,NA,"",8525,1455,1
"2023-09-15",569,318,318,4607,8796,5972,776,NA,NA,4783,20,521,889,NA,"",8492,1455,1
"2023-09-14",568,318,318,4594,8792,5944,771,NA,NA,4766,20,517,889,NA,"",8458,1455,1
"2023-09-13",567,318,318,4579,8774,5902,768,NA,NA,4719,19,517,884,NA,"",8444,1455,NA
"2023-09-12",566,318,318,4563,8760,5872,766,NA,NA,4714,19,515,881,NA,"",8413,1455,NA
"2023-09-11",565,318,318,4555,8749,5839,762,NA,NA,4697,19,512,877,NA,"",8370,1455,NA
"2023-09-10",564,318,318,4549,8737,5811,762,NA,NA,4662,19,509,872,NA,"",8338,1455,NA
"2023-09-09",563,318,318,4539,8721,5789,759,NA,NA,4657,19,508,870,NA,"",8298,1455,NA
"2023-09-08",562,318,318,4524,8708,5753,756,NA,NA,4639,19,507,860,NA,"",8264,1455,NA
"2023-09-07",561,318,318,4501,8685,5722,755,NA,NA,4610,19,506,859,NA,"",8217,1455,NA
"2023-09-06",560,318,318,4492,8664,5685,750,NA,NA,4588,19,505,852,NA,"",8190,1447,NA
"2023-09-05",559,318,318,4484,8652,5649,749,NA,NA,4581,19,504,851,NA,"",8175,1447,NA
"2023-09-04",558,318,318,4475,8645,5611,743,NA,NA,4550,19,503,847,NA,"",8149,1447,NA
"2023-09-03",557,318,318,4471,8631,5582,741,NA,NA,4513,18,502,841,NA,"",8102,1447,NA
"2023-09-02",556,318,318,4466,8619,5560,738,NA,NA,4502,18,501,835,NA,"",8043,1447,NA
"2023-09-01",555,318,318,4454,8595,5530,737,NA,NA,4490,18,500,831,NA,"",8009,1445,NA
"2023-08-31",554,318,318,4431,8586,5507,736,NA,NA,4486,18,500,830,NA,"",7976,1445,NA
"2023-08-30",553,318,318,4418,8578,5476,735,NA,NA,4464,18,500,825,NA,"",7953,1419,NA
"2023-08-29",552,318,318,4409,8561,5450,735,NA,NA,4456,18,500,820,NA,"",7909,1419,NA
"2023-08-28",551,318,318,4395,8544,5425,732,NA,NA,4452,18,499,809,NA,"",7866,1415,NA
"2023-08-27",550,318,318,4391,8536,5403,730,NA,NA,4447,18,498,808,NA,"",7854,1411,NA
"2023-08-26",549,318,318,4385,8521,5379,728,NA,NA,4436,18,497,804,NA,"",7823,1411,NA
"2023-08-25",548,318,318,4373,8503,5361,726,NA,NA,4425,18,495,802,NA,"",7790,1409,NA
"2023-08-24",547,318,318,4370,8493,5333,725,NA,NA,4413,18,494,801,NA,"",7773,1406,NA
"2023-08-23",546,318,318,4368,8470,5318,724,NA,NA,4393,18,491,800,NA,"",7745,1406,NA
"2023-08-22",545,318,318,4357,8458,5295,723,NA,NA,4381,18,491,797,NA,"",7722,1406,NA
"2023-08-21",544,318,318,4353,8431,5264,721,NA,NA,4378,18,489,794,NA,"",7692,1406,NA
"2023-08-20",543,318,318,4341,8417,5245,719,NA,NA,4373,18,489,790,NA,"",7680,1406,NA
"2023-08-19",542,318,318,4335,8406,5212,716,NA,NA,4351,18,486,785,NA,"",7665,1406,NA
"2023-08-18",541,318,318,4327,8392,5193,716,NA,NA,4345,18,486,783,NA,"",7658,1406,NA
"2023-08-17",540,318,316,4324,8380,5169,716,NA,NA,4341,18,486,773,NA,"",7641,1406,NA
"2023-08-16",539,318,316,4319,8362,5152,716,NA,NA,4317,18,485,773,NA,"",7614,1404,NA
"2023-08-15",538,318,316,4308,8352,5128,716,NA,NA,4311,18,482,769,NA,"",7584,1387,NA
"2023-08-14",537,318,315,4301,8336,5099,716,NA,NA,4282,18,479,766,NA,"",7562,1379,NA
"2023-08-13",536,318,315,4293,8317,5072,715,NA,NA,4273,18,477,760,NA,"",7543,1379,NA
"2023-08-12",535,318,315,4290,8306,5053,715,NA,NA,4270,18,472,759,NA,"",7523,1378,NA
"2023-08-11",534,318,315,4285,8300,5043,715,NA,NA,4266,18,471,756,NA,"",7511,1377,NA
"2023-08-10",533,318,315,4273,8285,5028,713,NA,NA,4248,18,469,746,NA,"",7495,1377,NA
"2023-08-09",532,318,314,4257,8272,5013,713,NA,NA,4244,18,469,742,NA,"",7479,1377,NA
"2023-08-08",531,318,314,4249,8260,4996,711,NA,NA,4227,18,468,737,NA,"",7460,1377,NA
"2023-08-07",530,318,313,4239,8252,4977,711,NA,NA,4223,18,467,735,NA,"",7451,1377,NA
"2023-08-06",529,318,313,4232,8244,4965,707,NA,NA,4195,18,466,734,NA,"",7441,1359,NA
"2023-08-05",528,318,313,4227,8233,4943,706,NA,NA,4185,18,466,730,NA,"",7422,1347,NA
"2023-08-04",527,318,313,4223,8231,4911,706,NA,NA,4173,18,466,724,NA,"",7392,1347,NA
"2023-08-03",526,318,313,4219,8216,4892,706,NA,NA,4146,18,465,721,NA,"",7372,1347,NA
"2023-08-02",525,318,313,4212,8195,4866,702,NA,NA,4111,18,463,718,NA,"",7349,1347,NA
"2023-08-01",524,318,313,4211,8187,4839,701,NA,NA,4096,18,462,718,NA,"",7324,1347,NA
"2023-07-31",523,318,313,4206,8170,4816,701,NA,NA,4086,18,460,715,NA,"",7292,1347,NA
"2023-07-30",522,318,313,4200,8160,4795,700,NA,NA,4080,18,459,711,NA,"",7275,1347,NA
"2023-07-29",521,318,313,4186,8149,4786,700,NA,NA,4076,18,458,710,NA,"",7247,1347,NA
"2023-07-28",520,318,313,4185,8143,4775,700,NA,NA,4076,18,458,709,NA,"",7240,1347,NA
"2023-07-27",519,318,313,4181,8129,4745,700,NA,NA,4065,18,457,708,NA,"",7229,1347,NA
"2023-07-26",518,318,313,4172,8118,4727,700,NA,NA,4062,18,457,708,NA,"",7211,1307,NA
"2023-07-25",517,318,312,4169,8113,4705,700,NA,NA,4046,18,454,703,NA,"",7194,1307,NA
"2023-07-24",516,318,312,4157,8100,4675,699,NA,NA,4032,18,452,698,NA,"",7182,1307,NA
"2023-07-23",515,318,312,4146,8087,4658,699,NA,NA,4027,18,451,696,NA,"",7172,1298,NA
"2023-07-22",514,318,312,4135,8078,4629,695,NA,NA,4013,18,448,691,NA,"",7159,1298,NA
"2023-07-21",513,318,312,4128,8062,4610,694,NA,NA,4002,18,440,686,NA,"",7145,1298,NA
"2023-07-20",512,318,312,4124,8047,4592,694,NA,NA,3987,18,433,685,NA,"",7134,1293,NA
"2023-07-19",511,318,312,4118,8041,4573,691,NA,NA,3954,18,430,683,NA,"",7105,1279,NA
"2023-07-18",510,318,312,4114,8033,4542,691,NA,NA,3908,18,428,677,NA,"",7086,1273,NA
"2023-07-17",509,318,312,4110,8016,4504,687,NA,NA,3897,18,428,677,NA,"",7059,1273,NA
"2023-07-16",508,318,312,4102,8008,4481,683,NA,NA,3889,18,425,666,NA,"",7044,1273,NA
"2023-07-15",507,318,312,4097,8001,4463,682,NA,NA,3876,18,425,664,NA,"",7036,1273,NA
"2023-07-14",506,318,312,4092,7990,4449,682,NA,NA,3852,18,423,662,NA,"",7019,1273,NA
"2023-07-13",505,318,312,4087,7981,4425,680,NA,NA,3821,18,421,652,NA,"",6995,1271,NA
"2023-07-12",504,318,312,4085,7972,4402,676,NA,NA,3795,18,415,647,NA,"",6978,1271,NA
"2023-07-11",503,318,312,4084,7965,4385,674,NA,NA,3762,18,414,640,NA,"",6966,1271,NA
"2023-07-10",502,318,311,4080,7948,4371,670,NA,NA,3755,18,414,632,NA,"",6937,1271,NA
"2023-07-09",501,318,311,4073,7946,4366,670,NA,NA,3754,18,413,628,NA,"",6929,1271,NA
"2023-07-08",500,318,311,4069,7935,4346,663,NA,NA,3735,18,410,619,NA,"",6914,1271,NA
"2023-07-07",499,318,311,4065,7926,4330,660,NA,NA,3721,18,408,612,NA,"",6898,1271,NA
"2023-07-06",498,318,311,4063,7914,4310,659,NA,NA,3704,18,404,605,NA,"",6888,1264,NA
"2023-07-05",497,318,311,4057,7899,4288,658,NA,NA,3683,18,395,598,NA,"",6865,1264,NA
"2023-07-04",496,318,311,4054,7890,4252,649,NA,NA,3671,18,394,590,NA,"",6843,1264,NA
"2023-07-03",495,318,311,4052,7881,4220,643,NA,NA,3642,18,391,590,NA,"",6834,1264,NA
"2023-07-02",494,318,310,4047,7870,4188,639,NA,NA,3626,18,390,583,NA,"",6816,1261,NA
"2023-07-01",493,318,310,4037,7850,4162,634,NA,NA,3614,18,389,580,NA,"",6794,1261,NA
"2023-06-30",492,318,310,4036,7845,4127,632,NA,NA,3588,18,389,569,NA,"",6785,1261,NA
"2023-06-29",491,318,310,4033,7839,4116,629,NA,NA,3582,18,388,569,NA,"",6780,1261,NA
"2023-06-28",490,317,310,4031,7829,4089,629,NA,NA,3568,18,387,563,NA,"",6774,1261,NA
"2023-06-27",489,317,310,4031,7816,4083,628,NA,NA,3561,18,386,563,NA,"",6772,1261,NA
"2023-06-26",488,317,310,4026,7802,4055,626,NA,NA,3551,18,385,557,NA,"",6751,1259,NA
"2023-06-25",487,317,310,4025,7788,4034,626,NA,NA,3541,18,385,552,NA,"",6735,1259,NA
"2023-06-24",486,317,310,4019,7786,4015,621,NA,NA,3529,18,383,548,NA,"",6731,1228,NA
"2023-06-23",485,317,309,4012,7780,3985,619,NA,NA,3516,18,379,545,NA,"",6708,1214,NA
"2023-06-22",484,317,309,4008,7765,3941,619,NA,NA,3507,18,376,539,NA,"",6678,1214,NA
"2023-06-21",483,317,308,4001,7753,3920,617,NA,NA,3497,18,375,539,NA,"",6667,1214,NA
"2023-06-20",482,317,308,3992,7732,3888,616,NA,NA,3462,18,372,531,NA,"",6645,1214,NA
"2023-06-19",481,317,307,3984,7717,3865,612,NA,NA,3452,18,370,526,NA,"",6613,1211,NA
"2023-06-18",480,317,306,3979,7711,3847,612,NA,NA,3440,18,364,522,NA,"",6571,1211,NA
"2023-06-17",479,317,304,3972,7688,3834,611,NA,NA,3433,18,364,520,NA,"",6557,1211,NA
"2023-06-16",478,317,303,3960,7665,3812,608,NA,NA,3426,18,364,519,NA,"",6519,1199,NA
"2023-06-15",477,317,303,3950,7649,3793,606,NA,NA,3402,18,364,519,NA,"",6506,1199,NA
"2023-06-14",476,317,302,3938,7635,3783,605,NA,NA,3393,18,364,516,NA,"",6482,1196,NA
"2023-06-13",475,317,302,3930,7624,3766,603,NA,NA,3378,18,363,511,NA,"",6473,1183,NA
"2023-06-12",474,317,301,3926,7618,3746,603,NA,NA,3376,18,362,510,NA,"",6471,1183,NA
"2023-06-11",473,317,301,3921,7613,3736,603,NA,NA,3369,18,362,509,NA,"",6461,1183,NA
"2023-06-10",472,317,301,3904,7589,3717,602,NA,NA,3332,18,362,507,NA,"",6428,1176,NA
"2023-06-09",471,317,301,3896,7582,3702,601,NA,NA,3316,18,359,502,NA,"",6410,1171,NA
"2023-06-08",470,317,301,3886,7558,3668,597,NA,NA,3303,18,355,500,NA,"",6384,1171,NA
"2023-06-07",469,317,301,3868,7542,3640,596,NA,NA,3288,18,352,492,NA,"",6349,1171,NA
"2023-06-06",468,316,301,3855,7525,3603,592,NA,NA,3281,18,351,489,NA,"",6332,1171,NA
"2023-06-05",467,316,300,3843,7505,3567,586,NA,NA,3258,18,349,484,NA,"",6312,1136,NA
"2023-06-04",466,316,300,3832,7494,3555,585,NA,NA,3244,18,344,479,NA,"",6305,1132,NA
"2023-06-03",465,316,300,3824,7484,3533,584,NA,NA,3234,18,342,475,NA,"",6289,1132,NA
"2023-06-02",464,316,300,3814,7472,3501,577,NA,NA,3206,18,335,465,NA,"",6267,1117,NA
"2023-06-01",463,316,300,3799,7460,3474,577,NA,NA,3200,18,333,458,NA,"",6239,1107,NA
"2023-05-31",462,316,300,3797,7454,3460,577,NA,NA,3193,18,333,454,NA,"",6230,1107,NA
"2023-05-30",461,316,300,3797,7451,3445,577,NA,NA,3161,18,332,454,NA,"",6219,1107,NA
"2023-05-29",460,316,300,3796,7449,3435,577,NA,NA,3123,18,331,453,NA,"",6207,1056,NA
"2023-05-28",459,316,300,3792,7438,3425,576,NA,NA,3062,18,329,451,NA,"",6192,1056,NA
"2023-05-27",458,313,298,3794,7424,3406,574,NA,NA,3010,18,329,449,NA,"",6172,1025,NA
"2023-05-26",457,310,296,3796,7410,3384,570,NA,NA,2930,18,328,446,NA,"",6161,1015,NA
"2023-05-25",456,309,296,3795,7407,3359,570,NA,NA,2927,18,327,444,NA,"",6148,1015,NA
"2023-05-24",455,309,296,3792,7399,3339,570,NA,NA,2891,18,327,440,NA,"",6146,1015,NA
"2023-05-23",454,309,295,3789,7394,3318,565,NA,NA,2884,18,327,433,NA,"",6139,1015,NA
"2023-05-22",453,309,294,3785,7382,3278,565,NA,NA,2850,18,327,427,NA,"",6129,1011,NA
"2023-05-21",452,308,294,3783,7373,3258,564,NA,NA,2842,18,327,425,NA,"",6115,1011,NA
"2023-05-20",451,308,294,3781,7357,3229,564,NA,NA,2821,18,325,423,NA,"",6103,1011,NA
"2023-05-19",450,308,294,3777,7352,3210,564,NA,NA,2789,18,319,419,NA,"",6083,1011,NA
"2023-05-18",449,308,294,3773,7348,3198,563,NA,NA,2779,18,318,418,NA,"",6073,990,NA
"2023-05-17",448,308,294,3771,7340,3166,562,NA,NA,2768,18,318,417,NA,"",6067,982,NA
"2023-05-16",447,308,294,3762,7323,3150,562,NA,NA,2752,18,316,410,NA,"",6048,973,NA
"2023-05-15",446,308,294,3759,7311,3137,562,NA,NA,2740,18,316,407,NA,"",6034,973,NA
"2023-05-14",445,308,294,3756,7300,3116,562,NA,NA,2716,18,314,404,NA,"",6018,970,NA
"2023-05-13",444,308,294,3751,7282,3095,561,NA,NA,2685,18,314,402,NA,"",6011,970,NA
"2023-05-12",443,308,294,3745,7270,3068,559,NA,NA,2656,18,312,393,NA,"",5996,970,NA
"2023-05-11",442,308,294,3740,7262,3053,557,NA,NA,2647,18,310,391,NA,"",5984,970,NA
"2023-05-10",441,308,294,3736,7250,3039,555,NA,NA,2644,18,308,389,NA,"",5974,970,NA
"2023-05-09",440,308,294,3734,7232,3031,554,NA,NA,2638,18,307,388,NA,"",5969,955,NA
"2023-05-08",439,308,294,3730,7228,3018,554,NA,NA,2634,18,306,384,NA,"",5958,947,NA
"2023-05-07",438,308,294,3723,7223,3010,554,NA,NA,2592,18,306,380,NA,"",5952,947,NA
"2023-05-06",437,308,294,3717,7213,2992,552,NA,NA,2574,18,306,375,NA,"",5936,947,NA
"2023-05-05",436,308,294,3710,7199,2978,550,NA,NA,2560,18,304,373,NA,"",5916,947,NA
"2023-05-04",435,308,294,3707,7191,2962,547,NA,NA,2543,18,304,370,NA,"",5886,947,NA
"2023-05-03",434,308,294,3702,7174,2946,544,NA,NA,2525,18,300,363,NA,"",5865,947,NA
"2023-05-02",433,308,294,3701,7168,2930,544,NA,NA,2497,18,298,360,NA,"",5851,947,NA
"2023-05-01",432,308,294,3700,7167,2921,544,NA,NA,2496,18,295,359,NA,"",5845,932,NA
"2023-04-30",431,308,294,3699,7164,2914,544,NA,NA,2495,18,295,357,NA,"",5842,932,NA
"2023-04-29",430,308,294,3697,7159,2908,543,NA,NA,2491,18,294,355,NA,"",5836,932,NA
"2023-04-28",429,308,294,3694,7156,2905,543,NA,NA,2487,18,294,353,NA,"",5819,911,NA
"2023-04-27",428,308,294,3694,7153,2887,542,NA,NA,2481,18,293,352,NA,"",5805,911,NA
"2023-04-26",427,308,294,3692,7137,2877,539,NA,NA,2460,18,292,352,NA,"",5792,911,NA
"2023-04-25",426,308,294,3688,7126,2863,539,NA,NA,2457,18,291,345,NA,"",5784,911,NA
"2023-04-24",425,308,294,3683,7114,2849,539,NA,NA,2433,18,289,339,NA,"",5753,911,NA
"2023-04-23",424,308,294,3675,7106,2837,539,NA,NA,2422,18,289,339,NA,"",5730,911,NA
"2023-04-22",423,308,293,3672,7105,2832,539,NA,NA,2418,18,289,337,NA,"",5718,911,NA
"2023-04-21",422,308,293,3668,7101,2827,539,NA,NA,2414,18,285,334,NA,"",5713,911,NA
"2023-04-20",421,308,293,3667,7095,2825,539,NA,NA,2406,18,285,332,NA,"",5707,911,NA
"2023-04-19",420,308,293,3665,7085,2819,538,NA,NA,2396,18,285,330,NA,"",5692,911,NA
"2023-04-18",419,308,293,3661,7073,2810,538,NA,NA,2373,18,285,330,NA,"",5676,911,NA
"2023-04-17",418,308,293,3660,7062,2804,538,NA,NA,2367,18,285,328,NA,"",5672,911,NA
"2023-04-16",417,308,293,3657,7058,2795,538,NA,NA,2359,18,284,326,NA,"",5658,911,NA
"2023-04-15",416,307,293,3653,7048,2785,535,NA,NA,2359,18,283,324,NA,"",5646,911,NA
"2023-04-14",415,307,293,3650,7044,2784,535,NA,NA,2359,18,283,321,NA,"",5640,911,NA
"2023-04-13",414,307,293,3646,7028,2777,535,NA,NA,2359,18,283,320,NA,"",5637,911,NA
"2023-04-12",413,307,293,3646,7018,2770,535,NA,NA,2354,18,282,319,NA,"",5630,911,NA
"2023-04-11",412,307,293,3644,7013,2765,535,NA,NA,2352,18,282,316,NA,"",5620,911,NA
"2023-04-10",411,307,292,3637,7003,2750,534,NA,NA,2343,18,282,311,NA,"",5607,911,NA
"2023-04-09",410,307,292,3636,6999,2740,533,NA,NA,2332,18,282,309,NA,"",5602,911,NA
"2023-04-08",409,307,292,3636,6995,2727,533,NA,NA,2318,18,282,304,NA,"",5599,911,NA
"2023-04-07",408,306,292,3633,6991,2722,533,NA,NA,2311,18,281,304,NA,"",5587,911,NA
"2023-04-06",407,306,292,3631,6988,2714,532,NA,NA,2307,18,281,302,NA,"",5574,911,NA
"2023-04-05",406,306,291,3629,6980,2707,532,NA,NA,2303,18,280,299,NA,"",5573,911,NA
"2023-04-04",405,306,291,3627,6974,2697,528,NA,NA,2297,18,280,298,NA,"",5562,911,NA
"2023-04-03",404,306,291,3619,6968,2694,527,NA,NA,2282,18,280,298,NA,"",5553,911,NA
"2023-04-02",403,306,291,3618,6961,2687,527,NA,NA,2269,18,279,296,NA,"",5537,911,NA
"2023-04-01",402,306,291,3616,6956,2683,527,NA,NA,2268,18,279,296,NA,"",5528,911,NA
"2023-03-31",401,306,291,3615,6952,2675,526,NA,NA,2268,18,278,294,NA,"",5521,911,NA
"2023-03-30",400,306,291,3610,6949,2671,526,NA,NA,2259,18,278,291,NA,"",5518,911,NA
"2023-03-29",399,306,291,3609,6941,2659,526,NA,NA,2259,18,277,288,NA,"",5507,911,NA
"2023-03-28",398,305,291,3602,6941,2653,525,NA,NA,2255,18,277,287,NA,"",5502,911,NA
"2023-03-27",397,305,291,3595,6928,2638,523,NA,NA,2236,18,277,285,NA,"",5493,911,NA
"2023-03-26",396,305,291,3595,6922,2631,522,NA,NA,2236,18,277,282,NA,"",5486,911,NA
"2023-03-25",395,305,291,3580,6907,2623,520,NA,NA,2234,18,276,279,NA,"",5483,911,NA
"2023-03-24",394,305,290,3574,6896,2616,511,NA,NA,2228,18,276,277,NA,"",5464,911,NA
"2023-03-23",393,305,290,3570,6873,2608,511,NA,NA,2223,18,273,273,NA,"",5452,909,NA
"2023-03-22",392,305,290,3557,6862,2589,509,NA,NA,2203,18,272,270,NA,"",5434,909,NA
"2023-03-21",391,305,290,3552,6854,2586,507,NA,NA,2187,18,270,266,NA,"",5428,907,NA
"2023-03-20",390,305,290,3537,6844,2577,507,NA,NA,2180,18,270,265,NA,"",5416,907,NA
"2023-03-19",389,305,290,3532,6828,2568,507,NA,NA,2179,18,268,262,NA,"",5408,907,NA
"2023-03-18",388,305,290,3511,6805,2560,506,NA,NA,2179,18,265,259,NA,"",5404,907,NA
"2023-03-17",387,305,290,3506,6798,2552,504,NA,NA,2165,18,265,258,NA,"",5401,907,NA
"2023-03-16",386,305,289,3504,6785,2539,503,NA,NA,2165,18,265,257,NA,"",5394,907,NA
"2023-03-15",385,304,289,3492,6774,2528,502,NA,NA,2152,18,262,257,NA,"",5377,907,NA
"2023-03-14",384,304,289,3484,6764,2519,495,NA,NA,2140,18,260,256,NA,"",5367,907,NA
"2023-03-13",383,304,289,3474,6749,2503,493,NA,NA,2129,18,259,251,NA,"",5354,907,NA
"2023-03-12",382,304,289,3466,6744,2487,493,NA,NA,2128,18,259,242,NA,"",5348,907,NA
"2023-03-11",381,304,289,3458,6737,2483,493,NA,NA,2128,18,257,242,NA,"",5344,907,NA
"2023-03-10",380,304,289,3448,6717,2475,491,NA,NA,2127,18,256,240,NA,"",5337,907,NA
"2023-03-09",379,303,289,3441,6711,2465,488,NA,NA,2118,18,254,237,NA,"",5331,873,NA
"2023-03-08",378,303,289,3436,6698,2463,488,NA,NA,2118,18,253,236,NA,"",5330,873,NA
"2023-03-07",377,303,289,3432,6689,2456,488,NA,NA,2115,18,253,236,NA,"",5323,873,NA
"2023-03-06",376,302,289,3423,6678,2433,488,NA,NA,2106,18,250,234,NA,"",5307,873,NA
"2023-03-05",375,302,289,3414,6667,2426,488,NA,NA,2091,18,248,232,NA,"",5299,873,NA
"2023-03-04",374,302,289,3409,6658,2414,487,NA,NA,2086,18,247,230,NA,"",5289,873,NA
"2023-03-03",373,301,289,3405,6648,2402,484,NA,NA,2081,18,247,230,NA,"",5281,873,NA
"2023-03-02",372,300,288,3397,6633,2398,480,NA,NA,2078,18,247,230,NA,"",5264,873,NA
"2023-03-01",371,300,288,3395,6613,2393,479,NA,NA,2075,18,247,230,NA,"",5257,873,NA
"2023-02-28",370,300,288,3388,6605,2383,478,NA,NA,2071,18,247,230,NA,"",5252,873,NA
"2023-02-27",369,300,288,3385,6596,2380,475,NA,NA,2068,18,247,230,NA,"",5248,873,NA
"2023-02-26",368,299,288,3381,6590,2380,475,NA,NA,2057,18,247,230,NA,"",5242,873,NA
"2023-02-25",367,299,288,3375,6584,2373,475,NA,NA,2055,18,247,230,NA,"",5235,873,NA
"2023-02-24",366,299,287,3363,6575,2363,474,NA,NA,2053,18,247,229,NA,"",5224,873,NA
"2023-02-23",365,299,287,3350,6568,2352,471,NA,NA,2049,18,244,228,NA,"",5215,873,NA
"2023-02-22",364,299,287,3334,6544,2345,471,NA,NA,2046,18,243,226,NA,"",5212,873,NA
"2023-02-21",363,299,287,3326,6537,2338,471,NA,NA,2043,18,243,226,NA,"",5210,873,NA
"2023-02-20",362,299,287,3316,6528,2334,471,NA,NA,2038,18,243,225,NA,"",5209,873,NA
"2023-02-19",361,298,287,3310,6520,2327,469,NA,NA,2036,18,243,224,NA,"",5196,873,NA
"2023-02-18",360,298,287,3303,6508,2326,469,NA,NA,2036,18,243,223,NA,"",5196,871,NA
"2023-02-17",359,298,287,3298,6495,2322,467,NA,NA,2033,18,241,221,NA,"",5187,871,NA
"2023-02-16",358,298,287,3296,6492,2306,466,NA,NA,2032,18,239,219,NA,"",5167,857,NA
"2023-02-15",357,298,286,3290,6482,2303,466,NA,NA,2031,18,236,219,NA,"",5161,857,NA
"2023-02-14",356,298,286,3286,6475,2299,466,NA,NA,2031,18,234,218,NA,"",5155,857,NA
"2023-02-13",355,296,286,3283,6467,2290,465,NA,NA,2027,18,234,217,NA,"",5150,857,NA
"2023-02-12",354,296,286,3280,6463,2287,465,NA,NA,2027,18,234,215,NA,"",5148,857,NA
"2023-02-11",353,295,286,3267,6449,2270,463,NA,NA,2017,18,234,214,NA,"",5134,857,NA
"2023-02-10",352,295,286,3258,6446,2251,463,NA,NA,1990,18,233,211,NA,"",5126,796,NA
"2023-02-09",351,295,285,3255,6443,2244,463,NA,NA,1987,18,232,211,NA,"",5121,796,NA
"2023-02-08",350,295,285,3253,6433,2236,461,NA,NA,1981,18,228,211,NA,"",5112,796,NA
"2023-02-07",349,294,284,3245,6418,2232,461,NA,NA,1978,18,227,208,NA,"",5107,796,NA
"2023-02-06",348,294,284,3231,6390,2231,461,NA,NA,1978,18,227,203,NA,"",5104,796,NA
"2023-02-05",347,294,284,3220,6380,2226,460,NA,NA,1978,18,227,203,NA,"",5091,796,NA
"2023-02-04",346,294,284,3218,6369,2220,460,NA,NA,1976,18,225,203,NA,"",5081,796,NA
"2023-02-03",345,294,284,3215,6363,2215,460,NA,NA,1972,18,222,202,NA,"",5068,796,NA
"2023-02-02",344,293,284,3211,6357,2212,458,NA,NA,1971,18,222,200,NA,"",5064,796,NA
"2023-02-01",343,293,284,3209,6357,2207,458,NA,NA,1971,18,221,200,NA,"",5061,796,NA
"2023-01-31",342,293,284,3201,6353,2197,454,NA,NA,1971,18,221,200,NA,"",5048,796,NA
"2023-01-30",341,293,284,3201,6344,2196,453,NA,NA,1967,18,221,199,NA,"",5041,796,NA
"2023-01-29",340,293,284,3197,6341,2195,453,NA,NA,1967,18,221,199,NA,"",5037,796,NA
"2023-01-28",339,293,284,3189,6319,2188,453,NA,NA,1967,18,221,199,NA,"",5027,796,NA
"2023-01-27",338,292,283,3182,6315,2180,452,NA,NA,1961,18,221,199,NA,"",5001,796,NA
"2023-01-26",337,292,282,3175,6309,2169,452,NA,NA,1928,18,220,195,NA,"",4986,749,NA
"2023-01-25",336,290,281,3161,6282,2154,450,NA,NA,1922,18,220,194,NA,"",4967,749,NA
"2023-01-24",335,289,281,3152,6259,2148,448,NA,NA,1917,18,220,194,NA,"",4944,749,NA
"2023-01-23",334,287,277,3150,6251,2146,447,NA,NA,1914,18,220,193,NA,"",4936,749,NA
"2023-01-22",333,287,277,3145,6243,2144,445,NA,NA,1912,17,220,193,NA,"",4932,749,NA
"2023-01-21",332,287,277,3140,6231,2135,443,NA,NA,1911,17,220,193,NA,"",4918,749,NA
"2023-01-20",331,287,277,3139,6216,2129,442,NA,NA,1906,17,220,190,NA,"",4903,749,NA
"2023-01-19",330,287,277,3136,6210,2122,442,NA,NA,1902,17,220,190,NA,"",4896,749,NA
"2023-01-18",329,287,276,3130,6190,2108,442,NA,NA,1896,17,220,190,NA,"",4889,749,NA
"2023-01-17",328,286,276,3121,6190,2104,441,NA,NA,1892,17,220,190,NA,"",4877,749,NA
"2023-01-16",327,286,276,3118,6179,2099,438,NA,NA,1892,17,220,190,NA,"",4870,749,NA
"2023-01-15",326,286,276,3106,6158,2094,437,NA,NA,1892,17,219,187,NA,"",4846,749,NA
"2023-01-14",325,286,276,3104,6148,2090,437,NA,NA,1887,17,219,186,NA,"",4846,723,NA
"2023-01-13",324,286,276,3098,6142,2086,437,NA,NA,1885,17,218,184,NA,"",4833,723,NA
"2023-01-12",323,285,276,3094,6134,2082,437,NA,NA,1885,17,218,184,NA,"",4826,723,NA
"2023-01-11",322,285,275,3094,6134,2078,437,NA,NA,1882,17,217,184,NA,"",4826,723,NA
"2023-01-10",321,285,275,3084,6129,2073,434,NA,NA,1880,17,217,183,NA,"",4817,723,NA
"2023-01-09",320,285,275,3080,6122,2069,434,NA,NA,1876,16,217,183,NA,"",4809,723,NA
"2023-01-08",319,285,272,3069,6105,2065,431,NA,NA,1869,16,217,183,NA,"",4801,723,NA
"2023-01-07",318,285,272,3066,6100,2062,431,NA,NA,1864,16,217,182,NA,"",4798,723,NA
"2023-01-06",317,285,272,3064,6099,2059,431,NA,NA,1864,16,215,182,NA,"",4797,723,NA
"2023-01-05",316,284,271,3041,6083,2051,426,NA,NA,1864,16,215,182,NA,"",4759,723,NA
"2023-01-04",315,283,270,3038,6081,2039,424,NA,NA,1862,16,215,181,NA,"",4745,723,NA
"2023-01-03",314,283,270,3036,6075,2033,424,NA,NA,1859,16,214,181,NA,"",4735,723,NA
"2023-01-02",313,283,269,3031,6068,2027,423,NA,NA,1856,16,213,181,NA,"Lyman, Bakhmut and Avdiivka",4725,723,NA
"2023-01-01",312,283,269,3031,6059,2021,423,NA,NA,1812,16,213,181,NA,"Lyman and Bakhmut",4720,723,NA
"2022-12-31",311,283,269,3029,6050,2016,423,NA,NA,1766,16,213,180,NA,"",4707,711,NA
"2022-12-30",310,283,268,3026,6034,2010,423,NA,NA,1760,16,212,180,NA,"Lyman and Bakhmut",4683,711,NA
"2022-12-29",309,283,268,3018,6022,2004,423,NA,NA,1737,16,212,179,NA,"Lyman and Bakhmut",4675,653,NA
"2022-12-28",308,283,267,3017,6012,1999,418,NA,NA,1727,16,212,179,NA,"",4660,653,NA
"2022-12-27",307,283,267,3016,5999,1998,418,NA,NA,1727,16,212,179,NA,"Bakhmut and Lyman",4652,653,NA
"2022-12-26",306,283,267,3016,5992,1996,418,NA,NA,1727,16,212,178,NA,"Kupiansk, Avdiivka and Bakhmut",4647,653,NA
"2022-12-25",305,283,267,3011,5985,1991,418,NA,NA,1726,16,212,178,NA,"",4635,653,NA
"2022-12-24",304,283,267,3006,5969,1988,418,NA,NA,1726,16,212,178,NA,"Kupiansk, Avdiivka and Bakhmut",4627,653,NA
"2022-12-23",303,283,267,3005,5961,1984,414,NA,NA,1718,16,212,178,NA,"",4622,653,NA
"2022-12-22",302,283,267,3002,5956,1978,413,NA,NA,1713,16,212,178,NA,"",4615,653,NA
"2022-12-21",301,282,267,3002,5954,1972,412,NA,NA,1708,16,212,178,NA,"",4608,653,NA
"2022-12-20",300,281,266,2995,5949,1960,410,NA,NA,1700,16,212,177,NA,"",4599,653,NA
"2022-12-19",299,281,264,2988,5944,1953,410,NA,NA,1677,16,212,175,NA,"",4592,653,NA
"2022-12-18",298,281,264,2987,5938,1948,410,NA,NA,1669,16,211,174,NA,"Lyman and Bakhmut",4579,653,NA
"2022-12-17",297,281,264,2985,5933,1947,410,NA,NA,1668,16,211,174,NA,"",4577,653,NA
"2022-12-16",296,281,264,2980,5927,1946,410,NA,NA,1668,16,211,172,NA,"",4563,592,NA
"2022-12-15",295,281,264,2975,5921,1943,406,NA,NA,1664,16,211,172,NA,"",4563,592,NA
"2022-12-14",294,281,264,2970,5912,1931,404,NA,NA,1637,16,211,171,NA,"",4562,592,NA
"2022-12-13",293,281,264,2966,5905,1931,404,NA,NA,1637,16,211,170,NA,"",4549,592,NA
"2022-12-12",292,281,264,2966,5903,1929,397,NA,NA,1637,16,211,169,NA,"",4544,592,NA
"2022-12-11",291,281,264,2942,5895,1928,397,NA,NA,1633,16,211,167,NA,"",4540,592,NA
"2022-12-10",290,281,264,2940,5892,1927,397,NA,NA,1623,16,211,167,NA,"Bakhmut and Lyman",4535,592,NA
"2022-12-09",289,281,264,2937,5887,1926,395,NA,NA,1623,16,211,164,NA,"",4531,592,NA
"2022-12-08",288,281,264,2937,5886,1925,395,NA,NA,1623,16,211,164,NA,"",4528,592,NA
"2022-12-07",287,281,264,2935,5884,1923,395,NA,NA,1621,16,211,163,NA,"",4526,592,NA
"2022-12-06",286,281,264,2929,5880,1915,395,NA,NA,1607,16,211,163,NA,"",4505,592,NA
"2022-12-05",285,281,264,2924,5875,1914,395,NA,NA,1602,16,211,163,NA,"Bakhmut and Lyman",4497,531,NA
"2022-12-04",284,281,263,2922,5867,1908,395,NA,NA,1593,16,210,163,NA,"Bakhmut and Lyman",4479,531,NA
"2022-12-03",283,280,263,2917,5861,1906,395,NA,NA,1592,16,210,163,NA,"",4472,531,NA
"2022-12-02",282,280,262,2916,5858,1905,395,NA,NA,1584,16,210,163,NA,"Bakhmut and Avdiivka",4464,531,NA
"2022-12-01",281,280,261,2915,5852,1904,395,NA,NA,1582,16,210,163,NA,"",4441,531,NA
"2022-11-30",280,280,261,2914,5847,1902,395,NA,NA,1582,16,210,163,NA,"",4429,531,NA
"2022-11-29",279,280,261,2911,5841,1901,395,NA,NA,1575,16,209,163,NA,"",4423,531,NA
"2022-11-28",278,278,261,2908,5836,1899,395,NA,NA,1575,16,209,163,NA,"",4416,531,NA
"2022-11-27",277,278,261,2905,5831,1897,395,NA,NA,1575,16,209,163,NA,"Bakhmut, Lyman and Avdiivka",4412,531,NA
"2022-11-26",276,278,261,2901,5823,1896,395,NA,NA,1574,16,209,163,NA,"",4406,531,NA
"2022-11-25",275,278,261,2899,5819,1895,395,NA,NA,1573,16,209,163,NA,"Bakhmut and Lyman",4404,531,NA
"2022-11-24",274,278,261,2898,5812,1889,395,NA,NA,1567,16,209,161,NA,"Avdiivka, Bakhmut and Lyman",4400,531,NA
"2022-11-23",273,278,261,2897,5807,1887,395,NA,NA,1557,16,209,161,NA,"Avdiivka, Bakhmut and Lyman",4396,480,NA
"2022-11-22",272,278,261,2895,5802,1882,395,NA,NA,1557,16,209,161,NA,"Bakhmut and Lyman",4393,480,NA
"2022-11-21",271,278,261,2892,5797,1870,393,NA,NA,1557,16,209,161,NA,"",4378,480,NA
"2022-11-20",270,278,261,2886,5792,1868,393,NA,NA,1557,16,209,161,NA,"",4371,480,NA
"2022-11-19",269,278,261,2885,5790,1867,393,NA,NA,1556,16,209,161,NA,"",4368,480,NA
"2022-11-18",268,278,261,2879,5783,1865,393,NA,NA,1556,16,209,161,NA,"Lyman and Avdiivka",4366,480,NA
"2022-11-17",267,278,261,2878,5779,1860,393,NA,NA,1551,16,209,160,NA,"",4362,474,NA
"2022-11-16",266,278,261,2871,5772,1860,393,NA,NA,1545,16,209,160,NA,"Lyman, Avdiivka and Bakhmut",4360,474,NA
"2022-11-15",265,278,261,2861,5748,1850,393,NA,NA,1531,16,208,160,NA,"",4351,399,NA
"2022-11-14",264,278,261,2848,5723,1839,393,NA,NA,1529,16,206,160,NA,"",4316,399,NA
"2022-11-13",263,278,261,2840,5717,1837,393,NA,NA,1527,16,206,160,NA,"",4295,399,NA
"2022-11-12",262,278,261,2838,5705,1829,393,NA,NA,1526,16,205,160,NA,"",4279,399,NA
"2022-11-11",261,278,261,2814,5671,1817,393,NA,NA,1525,16,205,159,NA,"Bakhmut",4259,399,NA
"2022-11-10",260,278,260,2804,5657,1805,393,NA,NA,1519,16,205,159,NA,"Lyman and Avdiivka",4242,399,NA
"2022-11-09",259,278,260,2801,5641,1802,393,NA,NA,1503,16,205,159,NA,"Bakhmut and Avdiivka",4227,399,NA
"2022-11-08",258,278,260,2786,5629,1791,391,NA,NA,1496,16,203,159,NA,"Bakhmut and Avdiivka",4216,399,NA
"2022-11-07",257,277,260,2771,5605,1782,391,NA,NA,1492,16,202,157,NA,"Lyman, Bakhmut and Avdiivka",4199,399,NA
"2022-11-06",256,277,260,2765,5586,1781,391,NA,NA,1485,16,202,155,NA,"Lyman and Avdiivka",4191,399,NA
"2022-11-05",255,277,260,2758,5576,1776,391,NA,NA,1482,16,202,155,NA,"Lyman and Avdiivka",4184,399,NA
"2022-11-04",254,277,258,2750,5555,1772,391,NA,NA,1470,16,201,155,NA,"Lyman and Avdiivka",4174,397,NA
"2022-11-03",253,277,258,2734,5527,1755,390,NA,NA,1462,16,198,155,NA,"",4162,397,NA
"2022-11-02",252,277,258,2714,5500,1733,387,NA,NA,1458,16,198,154,NA,"Avdiivka and Lyman",4153,397,NA
"2022-11-01",251,276,257,2698,5476,1730,383,NA,NA,1435,16,197,154,NA,"Avdiivka and Bakhmut",4143,397,NA
"2022-10-31",250,275,253,2686,5460,1728,383,NA,NA,1433,16,197,154,NA,"Avdiivka and Lyman",4128,352,NA
"2022-10-30",249,274,252,2672,5428,1724,383,NA,NA,1432,16,197,154,NA,"Donetsk and Lyman",4120,352,NA
"2022-10-29",248,273,252,2659,5376,1708,380,NA,NA,1426,16,195,152,NA,"",4107,351,NA
"2022-10-28",247,272,251,2640,5353,1698,379,NA,NA,1421,16,192,151,NA,"",4088,351,NA
"2022-10-27",246,271,249,2631,5339,1690,379,NA,NA,1418,16,192,150,NA,"",4078,351,NA
"2022-10-26",245,271,248,2628,5326,1686,379,NA,NA,1399,16,192,149,NA,"",4076,350,NA
"2022-10-25",244,271,248,2611,5296,1674,377,NA,NA,1392,16,190,149,NA,"",4054,350,NA
"2022-10-24",243,270,245,2590,5270,1673,375,NA,NA,1390,16,189,149,NA,"",4044,350,NA
"2022-10-23",242,270,245,2584,5259,1667,374,NA,NA,1381,16,189,148,NA,"",4039,350,NA
"2022-10-22",241,270,243,2579,5241,1653,373,NA,NA,1361,16,189,148,NA,"",4021,329,NA
"2022-10-21",240,269,243,2573,5233,1648,372,NA,NA,1345,16,189,147,NA,"",4006,329,NA
"2022-10-20",239,269,243,2567,5230,1646,372,NA,NA,1331,16,189,147,NA,"",4005,329,NA
"2022-10-19",238,269,242,2554,5210,1637,372,NA,NA,1306,16,189,146,NA,"Bakhmut and Kramatorsk",3999,323,NA
"2022-10-18",237,268,242,2548,5194,1622,372,NA,NA,1296,16,188,144,NA,"",3985,318,NA
"2022-10-17",236,268,242,2537,5180,1599,366,NA,NA,1261,16,187,144,NA,"Bakhmut and Avdiivka",3969,316,NA
"2022-10-16",235,268,242,2529,5168,1589,365,NA,NA,1244,16,186,143,NA,"Kryvyi Rih and Bakhmut",3959,316,NA
"2022-10-15",234,268,242,2524,5154,1582,365,NA,NA,1230,16,186,142,NA,"",3951,316,NA
"2022-10-14",233,268,240,2521,5147,1566,362,NA,NA,1219,16,186,142,NA,"Kramatorsk and Bakhmut",3944,316,NA
"2022-10-13",232,268,240,2511,5142,1556,357,NA,NA,1202,16,183,140,NA,"Kramatorsk and Kryvyi Rih",3935,316,NA
"2022-10-12",231,268,235,2505,5181,1507,355,NA,NA,1129,15,182,136,NA,"Bakhmut and Avdiivka",3927,315,NA
"2022-10-11",230,268,235,2504,5162,1496,353,NA,NA,1114,15,181,136,NA,"Bakhmut, Avdiivka and Kramatorsk",3916,295,NA
"2022-10-10",229,267,235,2495,5149,1486,353,NA,NA,1097,15,181,136,NA,"Kryvyi Rih and Kramatorsk",3908,249,NA
"2022-10-09",228,266,235,2486,5133,1477,348,NA,NA,1086,15,180,136,NA,"",3890,247,NA
"2022-10-08",227,266,234,2472,5111,1459,345,NA,NA,1079,15,180,136,NA,"Donetsk, Bakhmut and Kramatorsk",3875,246,NA
"2022-10-07",226,266,233,2466,5093,1455,344,NA,NA,1067,15,177,135,NA,"Kramatorsk and Kryvyi Rih",3862,246,NA
"2022-10-06",225,266,232,2449,5064,1424,344,NA,NA,1047,15,177,134,NA,"Kramatorsk, Avdiivka and Kryvyi Rih",3854,246,NA
"2022-10-05",224,266,232,2435,5038,1414,341,NA,NA,1032,15,177,132,NA,"Kramatorsk and Kryvyi Rih",3841,246,NA
"2022-10-04",223,266,228,2424,5018,1407,340,NA,NA,1028,15,177,131,NA,"Kramatorsk and Kryvyi Rih",3823,246,NA
"2022-10-03",222,265,228,2380,4991,1405,338,NA,NA,1026,15,176,131,NA,"Kramatorsk and Bakhmut",3811,246,NA
"2022-10-02",221,264,227,2377,4975,1405,337,NA,NA,1015,15,176,131,NA,"Kramatorsk and Bakhmut",3796,246,NA
"2022-10-01",220,264,226,2354,4949,1397,336,NA,NA,1009,15,176,131,NA,"Kramatorsk and Bakhmut",3786,246,NA
"2022-09-30",219,264,225,2338,4932,1391,333,NA,NA,1003,15,176,131,NA,"Kramatorsk and Donetsk",3768,246,NA
"2022-09-29",218,262,224,2325,4909,1385,331,NA,NA,995,15,175,131,NA,"Kramatorsk and Donetsk",3751,246,NA
"2022-09-28",217,262,224,2312,4889,1381,331,NA,NA,989,15,175,131,NA,"Kramatorsk and Donetsk",3742,242,NA
"2022-09-27",216,261,224,2306,4881,1378,331,NA,NA,977,15,175,131,NA,"Kramatorsk and Donetsk",3730,241,NA
"2022-09-26",215,260,224,2290,4857,1369,330,NA,NA,970,15,172,131,NA,"Kramatorsk and Donetsk",3711,241,NA
"2022-09-25",214,259,220,2275,4832,1368,328,NA,NA,966,15,171,130,NA,"Kramatorsk and Donetsk",3701,241,NA
"2022-09-24",213,255,220,2262,4807,1361,327,NA,NA,956,15,170,126,NA,"Kramatorsk and Donetsk",3681,240,NA
"2022-09-23",212,254,219,2254,4796,1355,326,NA,NA,950,15,170,126,NA,"Kramatorsk and Donetsk",3659,240,NA
"2022-09-22",211,253,218,2236,4776,1341,318,NA,NA,941,15,169,125,NA,"Kramatorsk and Donetsk",3630,240,NA
"2022-09-21",210,253,217,2227,4748,1340,318,NA,NA,932,15,168,125,NA,"Donetsk",3610,239,NA
"2022-09-20",209,252,217,2216,4724,1323,318,NA,NA,925,15,168,125,NA,"Bakhmut and Donetsk",3587,239,NA
"2022-09-19",208,251,217,2212,4720,1313,312,NA,NA,920,15,168,125,NA,"",3581,238,NA
"2022-09-18",207,251,217,2210,4718,1309,312,NA,NA,918,15,168,122,NA,"",3578,238,NA
"2022-09-17",206,251,216,2202,4701,1306,312,NA,NA,911,15,168,121,NA,"",3571,236,NA
"2022-09-16",205,250,216,2199,4690,1302,312,NA,NA,908,15,168,121,NA,"Bakhmut and Donetsk",3550,233,NA
"2022-09-15",204,250,215,2193,4682,1295,311,NA,NA,908,15,167,120,NA,"Kryvyi Rih and Mykolaiv",3522,233,NA
"2022-09-14",203,246,215,2180,4665,1290,311,NA,NA,908,15,167,120,NA,"Kharkiv and Donetsk",3501,233,NA
"2022-09-13",202,244,213,2175,4662,1279,311,NA,NA,904,15,165,117,NA,"Kharkiv and Donetsk",3469,233,NA
"2022-09-12",201,243,213,2169,4640,1263,311,NA,NA,903,15,162,117,NA,"Kryvyi Rih and Donetsk",3463,216,NA
"2022-09-11",200,242,213,2154,4617,1263,311,NA,NA,902,15,162,117,NA,"Kharkiv and Donetsk",3445,216,NA
"2022-09-10",199,239,212,2136,4584,1259,311,NA,NA,898,15,162,116,NA,"Kharkiv and Donetsk",3426,215,NA
"2022-09-09",198,239,211,2122,4575,1237,306,NA,NA,888,15,159,114,NA,"Kharkiv and Donetsk",3399,214,NA
"2022-09-08",197,239,210,2112,4557,1226,305,NA,NA,884,15,159,110,NA,"Donetsk",3344,214,NA
"2022-09-07",196,237,208,2097,4520,1194,300,NA,NA,880,15,156,109,NA,"Donetsk",3320,214,NA
"2022-09-06",195,236,207,2077,4484,1179,296,NA,NA,876,15,156,109,NA,"Donetsk",3305,209,NA
"2022-09-05",194,236,206,2068,4459,1157,294,NA,NA,867,15,156,107,NA,"Donetsk",3286,205,NA
"2022-09-04",193,236,206,2049,4430,1147,294,NA,NA,864,15,156,106,NA,"Donetsk and Kryvyi Rih",3276,203,NA
"2022-09-03",192,235,205,2034,4403,1134,293,NA,NA,864,15,153,105,NA,"Donetsk and Kryvyi Rih",3268,203,NA
"2022-09-02",191,234,205,2009,4366,1126,289,NA,NA,853,15,153,105,NA,"Donetsk and Kurakhove",3247,198,NA
"2022-09-01",190,234,205,1997,4345,1115,287,NA,NA,851,15,153,104,NA,"Donetsk and Kurakhove",3239,196,NA
"2022-08-31",189,234,204,1974,4312,1091,285,NA,NA,849,15,152,103,NA,"Donetsk and Kurakhove",3236,196,NA
"2022-08-30",188,234,204,1954,4294,1079,282,NA,NA,847,15,151,103,NA,"Donetsk and Kurakhove",3217,196,NA
"2022-08-29",187,234,203,1947,4269,1060,279,NA,NA,844,15,149,101,NA,"Donetsk",3188,196,NA
"2022-08-28",186,234,202,1942,4257,1050,274,NA,NA,838,15,148,99,NA,"Donetsk",3171,196,NA
"2022-08-27",185,234,202,1939,4254,1045,274,NA,NA,836,15,148,99,NA,"Donetsk",3165,196,NA
"2022-08-26",184,234,202,1936,4251,1040,272,NA,NA,834,15,148,99,NA,"Donetsk",3162,196,NA
"2022-08-25",183,234,202,1929,4245,1037,272,NA,NA,828,15,148,99,NA,"Donetsk",3160,196,NA
"2022-08-24",182,234,199,1924,4243,1036,266,NA,NA,819,15,147,99,NA,"Donetsk",3160,196,NA
"2022-08-23",181,234,198,1921,4238,1033,266,NA,NA,817,15,146,99,NA,"Donetsk",3150,196,NA
"2022-08-22",180,234,198,1919,4230,1032,266,NA,NA,815,15,145,99,NA,"Donetsk",3149,194,NA
"2022-08-21",179,234,197,1912,4224,1028,266,NA,NA,806,15,141,99,NA,"Donetsk and Mykolaiv",3143,190,NA
"2022-08-20",178,234,197,1907,4212,1018,266,NA,NA,803,15,141,97,NA,"Donetsk",3137,190,NA
"2022-08-19",177,234,197,1899,4195,1016,266,NA,NA,795,15,141,94,NA,"Donetsk",3130,190,NA
"2022-08-18",176,234,197,1889,4179,1010,265,NA,NA,793,15,136,93,NA,"Donetsk",3061,190,NA
"2022-08-17",175,233,196,1886,4162,993,263,NA,NA,792,15,136,93,NA,"Kharkiv and Donetsk",3054,190,NA
"2022-08-16",174,233,196,1880,4152,989,263,NA,NA,790,15,136,92,NA,"Donetsk",3049,190,NA
"2022-08-15",173,233,195,1876,4141,985,261,NA,NA,787,15,136,92,NA,"Donetsk",3044,187,NA
"2022-08-14",172,233,194,1864,4126,980,261,NA,NA,784,15,136,91,NA,"Donetsk",3039,187,NA
"2022-08-13",171,233,193,1856,4115,978,261,NA,NA,779,15,136,91,NA,"Bakhmut and Kryvyi Rih",3036,187,NA
"2022-08-12",170,233,193,1849,4108,975,261,NA,NA,778,15,136,90,NA,"Donetsk",3021,185,NA
"2022-08-11",169,232,193,1846,4100,974,261,NA,NA,772,15,134,90,NA,"Donetsk",3018,185,NA
"2022-08-10",168,232,193,1832,4086,971,261,NA,NA,766,15,133,89,NA,"Donetsk",3005,185,NA
"2022-08-09",167,223,193,1817,4076,964,261,NA,NA,757,15,133,87,NA,"Bakhmut and Donetsk",2998,185,NA
"2022-08-08",166,223,192,1811,4070,960,261,NA,NA,754,15,132,86,NA,"Donetsk",2993,182,NA
"2022-08-07",165,223,191,1805,4055,958,260,NA,NA,750,15,132,86,NA,"Donetsk",2978,182,NA
"2022-08-06",164,223,191,1802,4051,955,260,NA,NA,744,15,127,85,NA,"Donetsk",2970,182,NA
"2022-08-05",163,223,191,1792,4032,950,260,NA,NA,742,15,123,83,NA,"Donetsk",2964,182,NA
"2022-08-04",162,223,191,1789,4026,946,260,NA,NA,742,15,118,83,NA,"Bakhmut and Donetsk",2960,182,NA
"2022-08-03",161,223,191,1774,4022,939,259,NA,NA,740,15,118,83,NA,"Bakhmut and Donetsk",2922,180,NA
"2022-08-02",160,223,191,1768,4014,936,259,NA,NA,739,15,117,82,NA,"Bakhmut and Kryvyi Rih",2914,174,NA
"2022-08-01",159,223,190,1768,4011,932,259,NA,NA,736,15,117,82,NA,"Donetsk and Kryvyi Rih",2912,174,NA
"2022-07-31",158,223,190,1763,4004,916,259,NA,NA,735,15,117,80,NA,"Donetsk",2902,174,NA
"2022-07-30",157,222,190,1759,3995,906,258,NA,NA,733,15,117,78,NA,"Donetsk",2889,174,NA
"2022-07-29",156,222,190,1749,3987,900,258,NA,NA,731,15,117,77,NA,"Kryvyi Rih",2870,174,NA
"2022-07-28",155,222,190,1742,3979,894,258,NA,NA,729,15,117,75,NA,"Kryvyi Rih",2854,174,NA
"2022-07-27",154,222,190,1738,3971,883,258,NA,NA,726,15,117,75,NA,"Kryvyi Rih",2847,174,NA
"2022-07-26",153,222,189,1737,3959,880,258,NA,NA,722,15,117,75,NA,"Bakhmut",2835,174,NA
"2022-07-25",152,222,188,1730,3950,876,257,NA,NA,719,15,116,73,NA,"Kramatorsk",2832,174,NA
"2022-07-24",151,221,188,1722,3942,869,255,NA,NA,714,15,113,73,NA,"Kramatorsk",2823,170,NA
"2022-07-23",150,221,188,1708,3929,864,253,NA,NA,714,15,113,72,NA,"Kramatorsk, Kryvyi Rih and Bakhmut",2820,167,NA
"2022-07-22",149,221,188,1704,3920,863,251,NA,NA,713,15,113,72,NA,"Kryvyi Rih and Bakhmut",2803,167,NA
"2022-07-21",148,221,188,1704,3912,859,251,NA,NA,710,15,113,72,NA,"Sloviansk",2781,167,NA
"2022-07-20",147,221,188,1700,3905,856,250,NA,NA,703,15,113,70,NA,"Bakhmut",2775,167,NA
"2022-07-19",146,220,188,1691,3892,851,248,NA,NA,693,15,113,70,NA,"Kramatorsk",2767,167,NA
"2022-07-18",145,220,188,1687,3886,849,248,NA,NA,690,15,113,70,NA,"Bakhmut",2753,166,NA
"2022-07-17",144,220,188,1684,3879,846,248,NA,NA,688,15,110,68,NA,"Bakhmut",2746,166,NA
"2022-07-16",143,220,188,1677,3874,846,247,NA,NA,687,15,109,68,NA,"Bakhmut",2735,162,NA
"2022-07-15",142,220,188,1672,3866,842,247,NA,NA,681,15,109,67,NA,"Kramatorsk",2731,155,NA
"2022-07-14",141,219,188,1667,3832,840,247,NA,NA,681,15,109,67,NA,"Kramatorsk",2720,155,NA
"2022-07-13",140,217,188,1649,3832,839,247,NA,NA,678,15,109,67,NA,"Mykolaiv",2704,155,NA
"2022-07-12",139,217,188,1649,3829,838,247,NA,NA,676,15,109,66,NA,"Mykolaiv",2699,155,NA
"2022-07-11",138,217,188,1645,3828,838,247,NA,NA,676,15,109,66,NA,"Avdiivka",2696,155,NA
"2022-07-10",137,217,188,1641,3823,834,247,NA,NA,676,15,108,66,NA,"Kramatorsk",2694,155,NA
"2022-07-09",136,217,187,1638,3815,832,247,NA,NA,674,15,108,66,NA,"Kramatorsk",2687,155,NA
"2022-07-08",135,217,187,1637,3811,828,247,NA,NA,669,15,107,66,NA,"Kramatorsk",2685,155,NA
"2022-07-07",134,217,187,1602,3797,815,247,NA,NA,667,15,107,66,NA,"Avdiivka and Bakhmut",2665,155,NA
"2022-07-06",133,217,187,1600,3789,806,247,NA,NA,664,15,107,65,NA,"Sloviansk and Donetsk",2648,153,NA
"2022-07-05",132,217,187,1594,3772,806,247,NA,NA,660,15,105,65,NA,"Sloviansk and Donetsk",2634,144,NA
"2022-07-04",131,217,187,1589,3744,804,246,NA,NA,658,15,105,65,NA,"Sloviansk and Donetsk",2629,144,NA
"2022-07-03",130,217,187,1584,3744,801,246,NA,NA,654,15,105,64,NA,"Kramatorsk and Bakhmut",2618,144,NA
"2022-07-02",129,217,186,1582,3737,800,246,NA,NA,653,15,105,61,NA,"Bakhmut",2614,144,NA
"2022-07-01",128,217,186,1577,3736,796,246,NA,NA,645,15,105,61,NA,"Bakhmut",2610,143,NA
"2022-06-30",127,217,185,1573,3726,790,246,NA,NA,641,14,104,61,NA,"Bakhmut",2602,143,NA
"2022-06-29",126,217,185,1572,3720,781,246,NA,NA,640,14,103,61,NA,"Bakhmut",2598,142,NA
"2022-06-28",125,217,185,1567,3704,778,243,NA,NA,636,14,102,61,NA,"Bakhmut",2589,139,NA
"2022-06-27",124,217,184,1552,3687,771,243,NA,NA,636,14,101,60,NA,"Bakhmut and Kurakhove",2575,139,NA
"2022-06-26",123,217,184,1532,3659,764,243,NA,NA,630,14,99,60,NA,"Bakhmut and Kurakhove",2564,139,NA
"2022-06-25",122,217,184,1511,3645,764,241,NA,NA,626,14,99,60,NA,"Bakhmut and Kurakhove",2560,137,NA
"2022-06-24",121,216,183,1507,3637,759,241,NA,NA,622,14,99,60,NA,"Sloviansk and Bakhmut",2553,137,NA
"2022-06-23",120,216,183,1504,3632,756,240,NA,NA,620,14,99,60,NA,"Bakhmut",2548,137,NA
"2022-06-22",119,216,182,1496,3614,752,239,NA,NA,614,14,99,60,NA,"Sloviansk, Bakhmut and Avdiivka",2543,137,NA
"2022-06-21",118,216,181,1496,3606,752,239,NA,NA,611,14,98,59,NA,"Bakhmut and Avdiivka",2537,137,NA
"2022-06-20",117,216,181,1477,3588,749,238,NA,NA,601,14,98,55,NA,"Bakhmut and Zaporizhzhia",2527,130,NA
"2022-06-19",116,216,181,1468,3577,745,235,NA,NA,598,14,98,55,NA,"Bakhmut and Zaporizhzhia",2523,130,NA
"2022-06-18",115,216,180,1465,3573,739,233,NA,NA,594,14,98,55,NA,"Sloviansk, Bakhmut and Kryvyi Rih",2513,129,NA
"2022-06-17",114,215,180,1456,3563,734,233,NA,NA,593,13,97,55,NA,"Bakhmut",2496,129,NA
"2022-06-16",113,213,179,1449,3545,729,233,NA,NA,591,13,97,55,NA,"Bakhmut",2494,129,NA
"2022-06-15",112,213,179,1440,3528,722,230,NA,NA,591,13,97,55,NA,"Bakhmut and Sievierodonetsk",2485,129,NA
"2022-06-14",111,213,179,1434,3503,721,229,NA,NA,588,13,97,54,NA,"Bakhmut",2473,125,NA
"2022-06-13",110,213,178,1432,3492,718,226,NA,NA,585,13,97,54,NA,"Bakhmut",2460,125,NA
"2022-06-12",109,212,178,1430,3484,715,226,NA,NA,582,13,97,54,NA,"Sievierodonetsk and Bakhmut",2455,125,NA
"2022-06-11",108,212,178,1419,3466,712,222,NA,NA,579,13,97,54,NA,"Sievierodonetsk and Bakhmut",2448,125,NA
"2022-06-10",107,212,178,1409,3450,712,222,NA,NA,572,13,97,54,NA,"Kharkiv and Bakhmut",2438,125,NA
"2022-06-09",106,212,178,1398,3438,711,213,NA,NA,562,13,96,53,NA,"Bakhmut",2421,125,NA
"2022-06-08",105,212,178,1393,3429,703,213,NA,NA,559,13,96,53,NA,"Sloviansk",2406,125,NA
"2022-06-07",104,212,177,1390,3416,694,207,NA,NA,553,13,96,53,NA,"Sloviansk",2405,125,NA
"2022-06-06",103,211,176,1386,3400,690,207,NA,NA,551,13,96,53,NA,"Sloviansk",2395,125,NA
"2022-06-05",102,210,175,1381,3392,686,207,NA,NA,548,13,95,53,NA,"Bakhmut",2360,122,NA
"2022-06-04",101,210,175,1376,3379,680,207,NA,NA,540,13,95,52,NA,"Zaporizhzhia",2337,122,NA
"2022-06-03",100,210,175,1367,3366,675,207,NA,NA,535,13,95,51,NA,"Bakhmut",2329,121,NA
"2022-06-02",99,210,175,1363,3354,661,207,NA,NA,521,13,95,51,NA,"Bakhmut",2325,120,NA
"2022-06-01",98,208,175,1361,3343,659,207,NA,NA,519,13,94,49,NA,"Kryvyi Rih and Bakhmut",2290,120,NA
"2022-05-31",97,208,174,1358,3302,649,207,NA,NA,515,13,93,48,NA,"Kryvyi Rih and Zaporizhzhia",2275,120,NA
"2022-05-30",96,207,174,1349,3282,643,205,NA,NA,507,13,93,48,NA,"Zaporizhzhia",2258,118,NA
"2022-05-29",95,207,174,1338,3270,631,203,NA,NA,504,13,93,48,NA,"Bakhmut",2240,116,NA
"2022-05-28",94,207,174,1330,3258,628,203,NA,NA,503,13,93,48,NA,"Avdiivka and Kryvyi Rih",2226,116,NA
"2022-05-27",93,206,170,1322,3246,623,201,NA,NA,503,13,93,48,NA,"Avdiivka",2226,115,NA
"2022-05-26",92,206,170,1315,3235,617,201,NA,NA,502,13,93,47,NA,"Avdiivka",2225,114,NA
"2022-05-25",91,206,170,1305,3213,606,201,NA,NA,491,13,93,44,NA,"Lyman",2217,112,NA
"2022-05-24",90,205,170,1302,3194,606,201,NA,NA,480,13,93,43,NA,"Sievierodonetsk",2213,112,NA
"2022-05-23",89,204,170,1293,3166,604,201,NA,NA,476,13,93,43,NA,"Bakhmut",2206,110,NA
"2022-05-22",88,204,170,1285,3141,599,201,NA,NA,470,13,93,43,NA,"Bakhmut",2194,107,NA
"2022-05-21",87,204,169,1278,3116,596,201,NA,NA,462,13,93,43,NA,"Bakhmut",2178,104,NA
"2022-05-20",86,204,168,1263,3090,596,200,NA,NA,460,13,93,43,NA,"Bakhmut",2162,103,NA
"2022-05-19",85,203,167,1254,3063,595,199,NA,NA,455,13,93,43,NA,"Sloviansk, Kryvyi Rih and Zaporizhzhia",2157,103,NA
"2022-05-18",84,202,167,1251,3043,586,199,NA,NA,441,13,91,43,NA,"Sloviansk, Kryvyi Rih and Zaporizhzhia",2137,102,NA
"2022-05-17",83,201,167,1235,3009,578,198,NA,NA,436,13,90,43,NA,"Lyman and Zaporizhzhia",2109,97,NA
"2022-05-16",82,200,165,1228,2974,577,195,NA,NA,427,13,89,42,NA,"Bakhmut and Zaporizhzhia",2101,97,NA
"2022-05-15",81,200,164,1220,2958,555,195,NA,NA,416,13,89,42,NA,"Kurakhove and Avdiivka",2087,95,NA
"2022-05-14",80,200,163,1218,2934,551,195,NA,NA,411,13,88,42,NA,"Kurakhove",2059,95,NA
"2022-05-13",79,200,162,1205,2900,542,193,NA,NA,405,13,88,41,NA,"Kurakhove",2042,95,NA
"2022-05-12",78,199,161,1195,2873,534,191,NA,NA,398,13,87,41,NA,"Kurakhove",2019,94,NA
"2022-05-11",77,199,160,1187,2856,528,185,NA,NA,390,12,87,41,NA,"Novopavlivsk, Kurakhove and Sievierodonetsk",1997,94,NA
"2022-05-10",76,199,158,1170,2808,519,185,NA,NA,380,12,87,41,NA,"Avdiivka",1980,94,NA
"2022-05-09",75,199,158,1145,2764,513,185,NA,NA,377,12,87,41,NA,"Avdiivka",1970,94,NA
"2022-05-08",74,199,156,1130,2741,509,179,NA,NA,360,12,86,39,NA,"Novopavlivsk",1961,92,NA
"2022-05-07",73,199,155,1122,2713,509,172,NA,NA,341,11,84,38,NA,"Slobozhanskyi",1934,90,NA
"2022-05-06",72,199,155,1110,2686,502,171,NA,NA,324,11,83,38,NA,"Lyman and Kurakhove",1926,90,NA
"2022-05-05",71,196,155,1092,2651,499,169,NA,NA,312,10,83,38,NA,"Popasna",1907,89,NA
"2022-05-04",70,194,155,1077,2610,491,163,NA,NA,303,10,81,38,NA,"Izyum, Novopavlivsk",1867,87,NA
"2022-05-03",69,194,155,1062,2567,475,162,NA,NA,291,10,80,38,NA,"Izyum",1843,84,NA
"2022-05-02",68,194,155,1048,2519,459,152,NA,NA,271,8,80,38,NA,"Izyum",1824,84,NA
"2022-05-01",67,192,155,1026,2471,451,151,NA,NA,245,8,80,32,NA,"Izyum",1796,84,NA
"2022-04-30",66,190,155,1008,2445,436,151,1701,76,232,8,77,32,4,"Izyum",NA,NA,NA
"2022-04-29",65,189,155,986,2418,435,151,1695,76,229,8,73,31,4,"Izyum",NA,NA,NA
"2022-04-28",64,187,155,970,2389,431,151,1688,76,215,8,72,31,4,"Zaporizhzhia and Izyum",NA,NA,NA
"2022-04-27",63,185,155,939,2342,421,149,1666,76,207,8,71,31,4,"Kurakhove and Izyum",NA,NA,NA
"2022-04-26",62,184,154,918,2308,416,149,1643,76,205,8,69,31,4,"Sievierodonetsk",NA,NA,NA
"2022-04-25",61,181,154,884,2258,411,149,1566,76,201,8,69,28,4,"Sievierodonetsk",NA,NA,NA
"2022-04-24",60,179,154,873,2238,408,147,1557,76,191,8,69,28,4,"",NA,NA,NA
"2022-04-23",59,177,154,854,2205,403,143,1543,76,182,8,69,27,4,"",NA,NA,NA
"2022-04-22",58,176,153,838,2162,397,138,1523,76,172,8,69,27,4,"",NA,NA,NA
"2022-04-21",57,172,151,829,2118,393,136,1508,76,166,8,67,27,4,"",NA,NA,NA
"2022-04-20",56,171,150,815,2087,391,136,1504,76,165,8,67,27,4,"",NA,NA,NA
"2022-04-19",55,169,150,802,2063,386,132,1495,76,158,8,67,27,4,"",NA,NA,NA
"2022-04-18",54,167,147,790,2041,381,130,1487,76,155,8,67,27,4,"",NA,NA,NA
"2022-04-17",53,165,146,773,2002,376,127,1471,76,148,8,66,27,4,"",NA,NA,NA
"2022-04-16",52,163,145,762,1982,371,125,1458,76,138,8,66,26,4,"",NA,NA,NA
"2022-04-15",51,163,144,756,1976,366,122,1443,76,135,8,66,25,4,"",NA,NA,NA
"2022-04-14",50,160,144,753,1968,366,122,1437,76,134,7,64,25,4,"",NA,NA,NA
"2022-04-13",49,158,143,739,1964,358,115,1429,76,132,7,64,25,4,"",NA,NA,NA
"2022-04-12",48,157,140,732,1946,349,111,1406,76,124,7,63,25,4,"",NA,NA,NA
"2022-04-11",47,154,137,725,1923,347,111,1387,76,119,7,55,25,4,"",NA,NA,NA
"2022-04-10",46,152,137,722,1911,342,108,1384,76,112,7,55,25,4,"",NA,NA,NA
"2022-04-09",45,151,136,705,1895,335,108,1363,76,112,7,55,25,4,"",NA,NA,NA
"2022-04-08",44,150,135,700,1891,333,108,1361,76,112,7,55,25,4,"",NA,NA,NA
"2022-04-07",43,150,135,698,1891,332,108,1358,76,111,7,55,25,4,"",NA,NA,NA
"2022-04-06",42,150,135,684,1861,332,107,1324,76,96,7,55,25,4,"",NA,NA,NA
"2022-04-05",41,150,134,676,1858,332,107,1322,76,94,7,55,25,4,"",NA,NA,NA
"2022-04-04",40,147,134,647,1844,330,107,1273,76,91,7,54,25,4,"",NA,NA,NA
"2022-04-03",39,143,134,644,1830,325,105,1249,76,89,7,54,24,4,"",NA,NA,NA
"2022-04-02",38,143,134,631,1776,317,100,1236,76,87,7,54,24,4,"",NA,NA,NA
"2022-04-01",37,143,131,625,1751,316,96,1220,76,85,7,54,24,4,"",NA,NA,NA
"2022-03-31",36,135,131,614,1735,311,96,1201,75,83,7,54,22,4,"",NA,NA,NA
"2022-03-30",35,131,131,605,1723,305,96,1184,75,81,7,54,21,4,"",NA,NA,NA
"2022-03-29",34,127,129,597,1710,303,96,1178,73,71,7,54,21,4,"",NA,NA,NA
"2022-03-28",33,123,127,586,1694,302,95,1150,73,66,7,54,21,4,"",NA,NA,NA
"2022-03-27",32,121,127,582,1664,294,93,1144,73,56,7,52,21,4,"",NA,NA,NA
"2022-03-26",31,117,127,575,1640,293,91,1131,73,56,7,51,19,2,"",NA,NA,NA
"2022-03-25",30,115,125,561,1625,291,90,1089,72,53,5,49,18,NA,"",NA,NA,NA
"2022-03-24",29,108,124,530,1597,280,82,1033,72,50,4,47,16,NA,"",NA,NA,NA
"2022-03-23",28,101,124,517,1578,267,80,1008,70,42,4,47,15,NA,"",NA,NA,NA
"2022-03-22",27,99,123,509,1556,252,80,1000,70,35,3,45,15,NA,"",NA,NA,NA
"2022-03-21",26,97,121,498,1535,240,80,969,60,24,3,45,13,NA,"",NA,NA,NA
"2022-03-20",25,96,118,476,1487,230,74,947,60,21,3,44,12,NA,"",NA,NA,NA
"2022-03-19",24,95,115,466,1470,213,72,914,60,17,3,44,11,NA,"",NA,NA,NA
"2022-03-18",23,93,112,450,1448,205,72,879,60,12,3,43,11,NA,"",NA,NA,NA
"2022-03-17",22,86,108,444,1435,201,72,864,60,11,3,43,10,NA,"",NA,NA,NA
"2022-03-16",21,84,108,430,1375,190,70,819,60,11,3,43,10,NA,"",NA,NA,NA
"2022-03-15",20,81,95,404,1279,150,64,640,60,9,3,36,NA,NA,"",NA,NA,NA
"2022-03-14",19,77,90,389,1249,150,64,617,60,8,3,34,NA,NA,"",NA,NA,NA
"2022-03-13",18,74,86,374,1226,140,62,600,60,7,3,34,NA,NA,"",NA,NA,NA
"2022-03-12",17,58,83,362,1205,135,62,585,60,7,3,33,NA,NA,"",NA,NA,NA
"2022-03-11",16,57,83,353,1165,125,58,558,60,7,3,31,NA,NA,"",NA,NA,NA
"2022-03-10",15,49,81,335,1105,123,56,526,60,7,3,29,NA,NA,"",NA,NA,NA
"2022-03-09",14,49,81,317,1070,120,56,482,60,7,3,28,NA,NA,"",NA,NA,NA
"2022-03-08",13,48,80,303,1036,120,56,474,60,7,3,27,NA,NA,"",NA,NA,NA
"2022-03-07",12,46,68,290,999,117,50,454,60,7,3,23,NA,NA,"",NA,NA,NA
"2022-03-06",11,44,48,285,985,109,50,447,60,4,2,21,NA,NA,"",NA,NA,NA
"2022-03-05",10,39,40,269,945,105,50,409,60,3,2,19,NA,NA,"",NA,NA,NA
"2022-03-04",9,33,37,251,939,105,50,404,60,3,2,18,NA,NA,"",NA,NA,NA
"2022-03-03",8,30,31,217,900,90,42,374,60,3,2,11,NA,NA,"",NA,NA,NA
"2022-03-02",7,30,31,211,862,85,40,355,60,3,2,9,NA,NA,"",NA,NA,NA
"2022-03-01",6,29,29,198,846,77,24,305,60,3,2,7,NA,NA,"",NA,NA,NA
"2022-02-28",5,29,29,150,816,74,21,291,60,3,2,5,NA,NA,"",NA,NA,NA
"2022-02-27",4,27,26,150,706,50,4,130,60,2,2,0,NA,NA,"",NA,NA,NA
"2022-02-26",3,27,26,146,706,49,4,130,60,2,2,0,NA,NA,"",NA,NA,NA
"2022-02-25",2,10,7,80,516,49,4,100,60,0,2,0,NA,NA,"",NA,NA,NA
